côté 15460 côté cote
plutôt 12363 plutôt plutot
bientô@ 12078 bientôt bientot
drôle 9970 drôle drole
contrô@ 9021 contrôle controle
tôt 8480 tôt tot
hôpita@ 7659 hôpital hopital
allô 6784 allô allo
hôtel 6720 hôtel hotel
rôle 4154 rôle role
fantôm@ 3413 fantôme fantome
vôtre 2612 vôtre votre
côtés 2308 côtés cotes
côte 1981 côte cote
diplôm@ 1755 diplôme diplome
nôtres 1358 nôtres notres
ô 1274 ô o
nôtre 1226 nôtre notre
impôts 935 impôts impots
côtes 835 côtes cotes
môme 810 môme mome
trône 805 trône trone
vôtres 738 vôtres votres
aussit@ 710 aussitôt aussitot
hôte 634 hôte hote
drôles 629 drôles droles
dépôt 625 dépôt depot
chômag@ 603 chômage chomage
drôlem@ 597 drôlement drolement
symptô@ 564 symptômes symptomes
rôles 551 rôles roles
clôtur@ 550 clôture cloture
incont@ 537 incontrôlable incontrolable
hôtess@ 514 hôtesse hotesse
mômes 485 mômes momes
hôtels 453 hôtels hotels
ailô 363 ailô ailo
ôter 360 ôter oter
rôti 317 rôti roti
tantôt 303 tantôt tantot
pôle 271 pôle pole
ôte 262 ôte ote
hôtes 257 hôtes hotes
impôt 256 impôt impot
côtele@ 256 côtelettes cotelettes
sitôt 215 sitôt sitot
chômeu@ 186 chômeurs chomeurs
gnôle 172 gnôle gnole
drôie 170 drôie droie
apôtre@ 166 apôtres apotres
ôté 163 ôté ote
piutôt 163 piutôt piutot
rôde 150 rôde rode
dôme 150 dôme dome
enrôle@ 148 enrôler enroler
jérôme 145 jérôme jerome
tôle 142 tôle tole
ôtez 137 ôtez otez
aumôni@ 128 aumônier aumonier
aumône 128 aumône aumone
hôtei 126 hôtei hotei
rôtir 124 rôtir rotir
aiiô 122 aiiô aiio
rôder 121 rôder roder
dépôts 121 dépôts depots
antôni@ 120 antônio antonio
rôdeur 119 rôdeur rodeur
kenshi@ 114 kenshirô kenshiro
entrec@ 113 entrecôte entrecote
frôlé 108 frôlé frole
wô 107 wô wo
geôlie@ 106 geôlier geolier
enrôlé 103 enrôlé enrole
côtièr@ 96 côtière cotiere
icône 89 icône icone
côtê 82 côtê cote
cône 72 cône cone
côtoye@ 69 côtoyer cotoyer
arôme 69 arôme arome
rôdent 61 rôdent rodent
côtoie 61 côtoie cotoie
vendôm@ 51 vendôme vendome
shôgun 51 shôgun shogun
ôsugi 50 ôsugi osugi
rôtis 50 rôtis rotis
pôles 48 pôles poles
hôteli@ 48 hôtelier hotelier
rôie 47 rôie roie
détrôn@ 47 détrôner detroner
frôle 46 frôle frole
pylône@ 45 pylônes pylones
côtè 44 côtè cote
frôler 42 frôler froler
côlon 42 côlon colon
prévôt 41 prévôt prevot
ôtes 40 ôtes otes
rôtiss@ 40 rôtisserie rotisserie
rôtie 39 rôtie rotie
chôse 36 chôse chose
prône 35 prône prone
côtoyé 34 côtoyé cotoye
icônes 33 icônes icones
pentec@ 32 pentecôte pentecote
suppôt 30 suppôt suppot
binôme 30 binôme binome
rôties 29 rôties roties
chôses 29 chôses choses
chômé 29 chômé chome
alcôve 29 alcôve alcove
enjôle@ 28 enjôler enjoler
rôdait 27 rôdait rodait
môman 27 môman moman
clôt 27 clôt clot
ôtera 26 ôtera otera
ôïut 25 ôïut oiut
xangô 25 xangô xango
cônes 25 cônes cones
khôl 23 khôl khol
jûrôta 23 jûrôta jurota
ôtomo 22 ôtomo otomo
sôga 22 sôga soga
hôtell@ 22 hôtellerie hotellerie
hondô 22 hondô hondo
ôsaka 20 ôsaka osaka
môssie@ 20 môssieur mossieur
hôplta@ 20 hôpltal hopltal
ôterai 19 ôterai oterai
trônes 18 trônes trones
rhône 18 rhône rhone
ôtant 17 ôtant otant
rantôm@ 17 rantôme rantome
môle 17 môle mole
côt 17 côt cot
chômer 17 chômer chomer
ôu 16 ôu ou
prônen@ 16 prônent pronent
ôtée 15 ôtée otee
rôdant 15 rôdant rodant
dômes 15 dômes domes
dipiôm@ 15 dipiôme dipiome
côtoya@ 15 côtoyais cotoyais
ôta 14 ôta ota
ônuma 14 ônuma onuma
syndrô@ 14 syndrôme syndrome
shôko 14 shôko shoko
hô 14 hô ho
geôle 14 geôle geole
côtês 14 côtês cotes
ôtent 13 ôtent otent
rôme 13 rôme rome
ryô 13 ryô ryo
pô 13 pô po
lô 13 lô lo
katô 13 katô kato
hépatô@ 13 hépatôme hepatome
côtelé 13 côtelé cotele
tôles 12 tôles toles
tô 12 tô to
sôr 12 sôr sor
drôiem@ 12 drôiement droiement
côme 12 côme come
ryôs 11 ryôs ryos
quôc 11 quôc quoc
itô 11 itô ito
doronb@ 11 doronbô doronbo
arômes 11 arômes aromes
ôres 10 ôres ores
tôn 10 tôn ton
terram@ 10 terramô terramo
seitô 10 seitô seito
rôtit 10 rôtit rotit
kenjir@ 10 kenjirô kenjiro
frôlen@ 10 frôlent frolent
dô 10 dô do
contôl@ 10 contôle contole
ôtait 9 ôtait otait
yôko 9 yôko yoko
utôt 9 utôt utot
shônag@ 9 shônagon shonagon
rôdé 9 rôdé rode
pôie 9 pôie poie
frôlai@ 9 frôlaient frolaient
enrôla@ 9 enrôlant enrolant
côtier@ 9 côtiers cotiers
chôme 9 chôme chome
ôtés 8 ôtés otes
ôtées 8 ôtées otees
touthm@ 8 touthmôsis touthmosis
rôdez 8 rôdez rodez
prôner 8 prôner proner
nô 8 nô no
môh 8 môh moh
lhôpit@ 8 lhôpital lhopital
kyôto 8 kyôto kyoto
geôles 8 geôles geoles
fôret 8 fôret foret
drôler@ 8 drôlerie drolerie
côtès 8 côtès cotes
công 8 công cong
ôterez 7 ôterez oterez
sudô 7 sudô sudo
satô 7 satô sato
rônins 7 rônins ronins
pôte 7 pôte pote
prôné 7 prôné prone
kô 7 kô ko
kyôko 7 kyôko kyoko
entôt 7 entôt entot
endô 7 endô endo
dôjô 7 dôjô dojo
drôies 7 drôies droies
crôa 7 crôa croa
ôteras 6 ôteras oteras
ôkubo 6 ôkubo okubo
tôkyô 6 tôkyô tokyo
trônai@ 6 trônait tronait
tarô 6 tarô taro
rôdes 6 rôdes rodes
rôdera 6 rôdera rodera
rôdais 6 rôdais rodais
rôdaie@ 6 rôdaient rodaient
rakuzô 6 rakuzô rakuzo
prônez 6 prônez pronez
prônan@ 6 prônant pronant
frôlem@ 6 frôlement frolement
frôlan@ 6 frôlant frolant
blentô@ 6 blentôt blentot
babilô@ 6 babilônia babilonia
ôtons 5 ôtons otons
yôichi 5 yôichi yoichi
rôtira 5 rôtira rotira
pôtes 5 pôtes potes
lmpôts 5 lmpôts lmpots
kôan 5 kôan koan
jérôni@ 5 jérônimo jeronimo
hônnet@ 5 hônnetement honnetement
gnôme 5 gnôme gnome
geôliè@ 5 geôlière geoliere
frôlée 5 frôlée frolee
frôlez 5 frôlez frolez
enjôlé 5 enjôlé enjole
dôjo 5 dôjo dojo
côtoyo@ 5 côtoyons cotoyons
côteau@ 5 côteaux coteaux
clôné 5 clôné clone
clônes 5 clônes clones
chô 5 chô cho
bôme 5 bôme bome
butô 5 butô buto
aichô 5 aichô aicho
ôpital 4 ôpital opital
éclôt 4 éclôt eclot
tôth 4 tôth toth
tôlier 4 tôlier tolier
tôdô 4 tôdô todo
sôre 4 sôre sore
rônin 4 rônin ronin
prônai@ 4 prônait pronait
opô 4 opô opo
nutric@ 4 nutricontrôle nutricontrole
lôlô 4 lôlô lolo
lmpôt 4 lmpôt lmpot
kômori 4 kômori komori
jirô 4 jirô jiro
gérôme 4 gérôme gerome
frôlon@ 4 frôlons frolons
frôie 4 frôie froie
dôko 4 dôko doko
côtiêr@ 4 côtiêre cotiere
côteie@ 4 côteiettes coteiettes
côngs 4 côngs congs
clône 4 clône clone
ciôtur@ 4 ciôture cioture
chômez 4 chômez chomez
chômed@ 4 chômedu chomedu
boulôt 4 boulôt boulot
ôtiez 3 ôtiez otiez
ôtaien@ 3 ôtaient otaient
ôh 3 ôh oh
tôleri@ 3 tôlerie tolerie
tôlard@ 3 tôlarde tolarde
trônan@ 3 trônant tronant
shô 3 shô sho
seizab@ 3 seizaburô seizaburo
saôule@ 3 saôuler saouler
saizô 3 saizô saizo
rôies 3 rôies roies
prônon@ 3 prônons pronons
polynô@ 3 polynôme polynome
môt 3 môt mot
lincon@ 3 lincontrôlable lincontrolable
kôji 3 kôji koji
kôga 3 kôga koga
kyôsak@ 3 kyôsaku kyosaku
kantô 3 kantô kanto
jerôme 3 jerôme jerome
ioiô 3 ioiô ioio
gamô 3 gamô gamo
frôlés 3 frôlés froles
dôngs 3 dôngs dongs
drôl 3 drôl drol
côute 3 côute coute
crôute@ 3 crôutes croutes
chômes 3 chômes chomes
bô 3 bô bo
bíentô@ 3 bíentôt bíentot
biodôm@ 3 biodôme biodome
bienôt 3 bienôt bienot
babaia@ 3 babaiaô babaiao
antôme 3 antôme antome
ancône 3 ancône ancone
ancôme 3 ancôme ancome
ajjô 3 ajjô ajjo
ôts 2 ôts ots
ôteron@ 2 ôterons oterons
ôtake 2 ôtake otake
ôtais 2 ôtais otais
ôtages 2 ôtages otages
ôrïis 2 ôrïis oriis
ômiya 2 ômiya omiya
énormo@ 2 énormodôme enormodome
écédrô@ 2 écédrôle ecedrole
zekaib@ 2 zekaibô zekaibo
yôsuke 2 yôsuke yosuke
vôrre 2 vôrre vorre
ujô 2 ujô ujo
tôru 2 tôru toru
tômate 2 tômate tomate
tôji 2 tôji toji
tôichi@ 2 tôichirô toichiro
trôner@ 2 trônerai tronerai
trônen@ 2 trônent tronent
taijir@ 2 taijirô taijiro
sôté 2 sôté sote
sôt 2 sôt sot
sôryu 2 sôryu soryu
sontrô@ 2 sontrôle sontrole
shôshi@ 2 shôshichi shoshichi
shônen 2 shônen shonen
shôich@ 2 shôichi shoichi
shirô 2 shirô shiro
shindô 2 shindô shindo
saôul 2 saôul saoul
saburô 2 saburô saburo
rôtiro@ 2 rôtiront rotiront
rôtire@ 2 rôtirent rotirent
rôt 2 rôt rot
rôdés 2 rôdés rodes
rôdée 2 rôdée rodee
rôdiez 2 rôdiez rodiez
rôda 2 rôda roda
rashôm@ 2 rashômon rashomon
rashô 2 rashô rasho
pôpa 2 pôpa popa
prônés 2 prônés prones
prônée@ 2 prônées pronees
prônes 2 prônes prones
pjutôt 2 pjutôt pjutot
phantô@ 2 phantômes phantomes
pardôn 2 pardôn pardon
ollô 2 ollô ollo
môss 2 môss moss
mômera@ 2 mômerade momerade
mataic@ 2 mataichirô mataichiro
lôth 2 lôth loth
lolô 2 lolô lolo
lancôm@ 2 lancôme lancome
lackô 2 lackô lacko
kôichi 2 kôichi koichi
kôgel 2 kôgel kogel
kôa 2 kôa koa
kitô 2 kitô kito
khôi 2 khôi khoi
jeunôt 2 jeunôt jeunot
ishidô 2 ishidô ishido
indétr@ 2 indétrônables indetronables
ichirô 2 ichirô ichiro
hôteis 2 hôteis hoteis
hôtage 2 hôtage hotage
hôt 2 hôt hot
hôpíta@ 2 hôpítal hopítal
gnôie 2 gnôie gnoie
frômma@ 2 frômmage frommage
frôla 2 frôla frola
frôié 2 frôié froie
fanfôm@ 2 fanfôme fanfome
entôle 2 entôle entole
enrôlo@ 2 enrôlons enrolons
enrôie@ 2 enrôierai enroierai
engeôl@ 2 engeôlé engeole
enclôt 2 enclôt enclot
dôra 2 dôra dora
drô 2 drô dro
droôle 2 droôle droole
dipplô@ 2 dipplômé dipplome
côré 2 côré core
côion 2 côion coion
corbov@ 2 corbovinôme corbovinome
comô 2 comô como
chômon@ 2 chômons chomons
chômdu 2 chômdu chomdu
bômes 2 bômes bomes
bôite 2 bôite boite
bienrô@ 2 bienrôr bienror
bentô 2 bentô bento
arômat@ 2 arômatisés aromatises
antôm 2 antôm antom
alloô 2 alloô alloo
abient@ 2 abientôt abientot
öwttôç@ 1 öwttôçú öwttoçú
õðïôßô@ 1 õðïôßôëùí õðioßoeùí
ôïutes 1 ôïutes oiutes
ôïute 1 ôïute oiute
ôîõçð 1 ôîõçð oiõçð
ôéïí 1 ôéïí oeií
ôé 1 ôé oe
ôèëüìû 1 ôèëüìû oeeüìu
ôå 1 ôå oå
ôwain 1 ôwain owain
ôurf 1 ôurf ourf
ôtë 1 ôtë ote
ôtê 1 ôtê ote
ôtèren@ 1 ôtèrent oterent
ôtsuka 1 ôtsuka otsuka
ôterju@ 1 ôterjuste oterjuste
ôtel 1 ôtel otel
ôtals 1 ôtals otals
ôtage 1 ôtage otage
ôse 1 ôse ose
ôrïp 1 ôrïp orip
ôraíai@ 1 ôraíaiééer oraíaieeer
ôpcusé 1 ôpcusé opcuse
ôkurak@ 1 ôkurakyô okurakyo
ôkashô 1 ôkashô okasho
ôji 1 ôji oji
ôiso 1 ôiso oiso
ôant 1 ôant oant
ôache 1 ôache oache
óêôúñ 1 óêôúñ óeoúñ
ñåôår 1 ñåôår ñåoår
ñåôå 1 ñåôå ñåoå
ñláiô 1 ñláiô ñláio
ïôter 1 ïôter ioter
ïhôtel 1 ïhôtel ihotel
éôáérå 1 éôáérå eoáerå
éôe 1 éôe eoe
écôpe 1 écôpe ecope
écodôm@ 1 écodômes ecodomes
çáãôçß@ 1 çáãôçßá çáãoçßá
åìåíô 1 åìåíô åìåío
ãôúñ 1 ãôúñ ãoúñ
ãôèå 1 ãôèå ãoeå
állô 1 állô állo
ßçáãôí 1 ßçáãôí ßçáãoí
yôjirô 1 yôjirô yojiro
whô 1 whô who
vôté 1 vôté vote
vôtr 1 vôtr votr
vôtne 1 vôtne votne
vôtes 1 vôtes votes
vvôtre 1 vvôtre vvotre
tôves 1 tôves toves
tôno 1 tôno tono
tônich@ 1 tônichi tonichi
tôlièr@ 1 tôlière toliere
tôko 1 tôko toko
tôjô 1 tôjô tojo
tôie 1 tôie toie
tôhô 1 tôhô toho
tripôt 1 tripôt tripot
thrône 1 thrône throne
tenshô 1 tenshô tensho
teizô 1 teizô teizo
tanôt 1 tanôt tanot
takatô 1 takatô takato
sôulée 1 sôulée soulee
sôter 1 sôter soter
sôn 1 sôn son
sômmes 1 sômmes sommes
sôichi@ 1 sôichirô soichiro
sô 1 sô so
sítôt 1 sítôt sítot
szabô 1 szabô szabo
shôzô 1 shôzô shozo
shôwa 1 shôwa showa
shôtar@ 1 shôtarô shotaro
shôgo 1 shôgo shogo
shôgak@ 1 shôgakukan shogakukan
shôchi@ 1 shôchiku shochiku
shiten@ 1 shitennôji shitennoji
shinzô 1 shinzô shinzo
shintô 1 shintô shinto
serôdi@ 1 serôdio serodio
serezb@ 1 serezbientôt serezbientot
rôve 1 rôve rove
rôtiuh 1 rôtiuh rotiuh
rôse 1 rôse rose
rôlant 1 rôlant rolant
rôl 1 rôl rol
rôier 1 rôier roier
rôdeus@ 1 rôdeuse rodeuse
rôdere@ 1 rôderez roderez
rôcher@ 1 rôchers rochers
rô 1 rô ro
råísåé@ 1 råísåégíåìåíôs råísåegíåìåíos
ryûzô 1 ryûzô ryuzo
ryôsuk@ 1 ryôsuke ryosuke
ryôsak@ 1 ryôsaku ryosaku
ryôji 1 ryôji ryoji
ryôgok@ 1 ryôgoku ryogoku
rinshô@ 1 rinshôji rinshoji
rhôdes 1 rhôdes rhodes
ramôn 1 ramôn ramon
rammal@ 1 rammalôh rammaloh
ragôts 1 ragôts ragots
radôme 1 radôme radome
quôn 1 quôn quon
pôurri@ 1 pôurrionos pourrionos
pôur 1 pôur pour
pôubel@ 1 pôubelles poubelles
pôt 1 pôt pot
pôies 1 pôies poies
pôche 1 pôche poche
pétrôl@ 1 pétrôle petrole
prônie@ 1 prôniez proniez
prêvôt 1 prêvôt prevot
pluutô@ 1 pluutôt pluutot
plutoô@ 1 plutoôt plutoot
pltutô@ 1 pltutôt pltutot
perôn 1 perôn peron
perdôn@ 1 perdôname perdoname
parôle 1 parôle parole
pannôn@ 1 pannônia pannonia
pacôme 1 pacôme pacome
oô 1 oô oo
ouiall@ 1 ouiallô ouiallo
orôle 1 orôle orole
nôus 1 nôus nous
nôs 1 nôs nos
nôkôji 1 nôkôji nokoji
nôces 1 nôces noces
nyûdô 1 nyûdô nyudo
ntrôlé 1 ntrôlé ntrole
ntrôle 1 ntrôle ntrole
nplutô@ 1 nplutôt nplutot
noôtre 1 noôtre nootre
noutrô@ 1 noutrôlons noutrolons
nientô@ 1 nientôt nientot
ngô 1 ngô ngo
nagô 1 nagô nago
môtard 1 môtard motard
môsuss@ 1 môsusse mosusse
môshô 1 môshô mosho
môquet 1 môquet moquet
môly 1 môly moly
mô 1 mô mo
mégôts 1 mégôts megots
myôshô 1 myôshô myosho
musô 1 musô muso
moôme 1 moôme moome
mordôr 1 mordôr mordor
mirô 1 mirô miro
macôn 1 macôn macon
lôture@ 1 lôtures lotures
lôtel 1 lôtel lotel
lôche 1 lôche loche
lalssô 1 lalssô lalsso
lafôre@ 1 lafôret laforet
kôté 1 kôté kote
kôsuke 1 kôsuke kosuke
kôrai 1 kôrai korai
kôra 1 kôra kora
kônan 1 kônan konan
kôdaii@ 1 kôdaiin kodaiin
kôbô 1 kôbô kobo
kyûzô 1 kyûzô kyuzo
kojirô 1 kojirô kojiro
kendô 1 kendô kendo
kandak@ 1 kandakôshirô kandakoshiro
jôzsi 1 jôzsi jozsi
jôska 1 jôska joska
jôkôji 1 jôkôji jokoji
jô 1 jô jo
jerôni@ 1 jerônimo jeronimo
itsurô 1 itsurô itsuro
isshô 1 isshô issho
idôle 1 idôle idole
idôlat@ 1 idôlatrie idolatrie
iaô 1 iaô iao
ianass@ 1 ianassô ianasso
hôtelf@ 1 hôtelfavori hotelfavori
hôteii@ 1 hôteiière hoteiiere
hôplfa@ 1 hôplfal hoplfal
hôpi 1 hôpi hopi
hôp 1 hôp hop
hacchi@ 1 hacchikô hacchiko
gôuter 1 gôuter gouter
gôute 1 gôute goute
gôut 1 gôut gout
génôme 1 génôme genome
grôce 1 grôce groce
gotô 1 gotô goto
gorô 1 gorô goro
gnôles 1 gnôles gnoles
glôk 1 glôk glok
geôlle@ 1 geôller geoller
geôlič@ 1 geôličre geoličre
geôie 1 geôie geoie
genzô 1 genzô genzo
fôrets 1 fôrets forets
frôlè 1 frôlè frole
frôlât 1 frôlât frolat
frôlic@ 1 frôlici frolici
frôleu@ 1 frôleurs froleurs
frôles 1 frôles froles
frôke 1 frôke froke
frôian@ 1 frôiant froiant
fontôm@ 1 fontômes fontomes
flôt 1 flôt flot
entôla@ 1 entôlage entolage
enrôlè 1 enrôlè enrole
enrôli@ 1 enrôliez enroliez
enrôiê 1 enrôiê enroie
enrôié 1 enrôié enroie
enjôia 1 enjôia enjoia
eijirô 1 eijirô eijiro
dôté 1 dôté dote
dônde 1 dônde donde
dôle 1 dôle dole
dôki 1 dôki doki
dêpôts 1 dêpôts depots
dêpôt 1 dêpôt depot
dévôt 1 dévôt devot
dépôsé 1 dépôsé depose
dégôte@ 1 dégôter degoter
dèpôt 1 dèpôt depot
dvôle 1 dvôle dvole
drôole 1 drôole droole
drôme 1 drôme drome
dlffôr@ 1 dlffôrentes dlfforentes
desere@ 1 deserendreaudépôt deserendreaudepot
depôt 1 depôt depot
daihôm@ 1 daihôma daihoma
côutez 1 côutez coutez
côtée 1 côtée cotee
côtéde@ 1 côtédes cotedes
côniqu@ 1 côniques coniques
cômo 1 cômo como
côlons 1 côlons colons
côla 1 côla cola
côions 1 côions coions
côfé 1 côfé cofe
côche 1 côche coche
contrr@ 1 contrrôleôle contrroleole
clôre 1 clôre clore
clônée 1 clônée clonee
clôner@ 1 clôneraient cloneraient
clôche 1 clôche cloche
cléôpa@ 1 cléôpatre cleopatre
chûjô 1 chûjô chujo
chôsok@ 1 chôsokabe chosokabe
chômés 1 chômés chomes
chômie@ 1 chômiez chomiez
chômai@ 1 chômait chomait
chôkic@ 1 chôkichi chokichi
chôich@ 1 chôichirô choichiro
chôei 1 chôei choei
celidô@ 1 celidônio celidonio
canôa 1 canôa canoa
cajôle@ 1 cajôler cajoler
cabrôn 1 cabrôn cabron
bôya 1 bôya boya
bôton 1 bôton boton
bôkô 1 bôkô boko
bôites 1 bôites boites
binômé@ 1 binômés binomes
bierht@ 1 bierhtôt bierhtot
biennt@ 1 bienntôt bienntot
biemtô@ 1 biemtôt biemtot
batôn 1 batôn baton
bankô 1 bankô banko
babaol@ 1 babaoluô babaoluo
aprôs 1 aprôs apros
appôtr@ 1 appôtre appotre
antô 1 antô anto
annôes 1 annôes annoes
alô 1 alô alo
adôôôr@ 1 adôôôre adooore
