être 178072 être etre
même 91117 même meme
êtes 74584 êtes etes
arrête 52709 arrête arrete
tête 27153 tête tete
prêt 13800 prêt pret
fête 9265 fête fete
rêve 8469 rêve reve
empêch@ 6913 empêcher empecher
arrêté 6711 arrêté arrete
prêts 5829 prêts prets
intérê@ 5331 intérêt interet
prête 5293 prête prete
enquêt@ 5118 enquête enquete
fenêtr@ 5106 fenêtre fenetre
bête 4901 bête bete
honnêt@ 4774 honnête honnete
rêves 4513 rêves reves
vêteme@ 4509 vêtements vetements
mêmes 4501 mêmes memes
arrêt 2906 arrêt arret
três 2693 três tres
prêtre 2479 prêtre pretre
dépêch@ 2358 dépêche depeche
forêt 2231 forêt foret
bêtise@ 2082 bêtises betises
extrêm@ 1952 extrêmement extremement
rêvé 1800 rêvé reve
embête 1735 embête embete
gêne 1650 gêne gene
pêche 1649 pêche peche
tempêt@ 1597 tempête tempete
têtes 1479 têtes tetes
bêtes 1461 bêtes betes
êtres 1350 êtres etres
rêver 1238 rêver rever
fêter 1154 fêter feter
fêtes 1051 fêtes fetes
arrêta@ 1041 arrêtait arretait
aprês 1037 aprês apres
prêter 1023 prêter preter
pêre 1012 pêre pere
suprêm@ 1008 suprême supreme
mêre 978 mêre mere
mêle 967 mêle mele
êtait 906 êtait etait
ancêtr@ 882 ancêtres ancetres
prêtes 856 prêtes pretes
gênant 790 gênant genant
mêler 776 mêler meler
pêcher 726 pêcher pecher
quête 710 quête quete
pêcheu@ 638 pêcheur pecheur
problê@ 623 problême probleme
requêt@ 617 requête requete
apprêt@ 612 apprête apprete
rêvais 602 rêvais revais
prêté 600 prêté prete
mêlé 530 mêlé mele
gêné 479 gêné gene
évêque 434 évêque eveque
arrêto@ 413 arrêtons arretons
prêche@ 398 prêcher precher
têtu 382 têtu tetu
conquê@ 379 conquête conquete
espêre 366 espêre espere
trêve 360 trêve treve
frêre 359 frêre frere
derniê@ 350 derniêre derniere
ê 345 ê e
forêts 342 forêts forets
premiê@ 333 premiêre premiere
malhon@ 321 malhonnête malhonnete
êtê 317 êtê ete
gêner 316 gêner gener
mêlée 291 mêlée melee
prês 288 prês pres
gênée 275 gênée genee
derriê@ 271 derriêre derriere
crêpes 269 crêpes crepes
baptêm@ 268 baptême bapteme
poêle 267 poêle poele
crête 264 crête crete
rêveur 258 rêveur reveur
arrêts 249 arrêts arrets
archev@ 247 archevêque archeveque
inquiê@ 246 inquiête inquiete
bêta 245 bêta beta
gênera@ 240 gênerait generait
mêlez 239 mêlez melez
dês 236 dês des
repêch@ 226 repêché repeche
pêché 223 pêché peche
rêvent 222 rêvent revent
embêta@ 221 embêtant embetant
scêne 220 scêne scene
gênez 214 gênez genez
rêvez 204 rêvez revez
rêvait 199 rêvait revait
pêches 198 pêches peches
bêteme@ 198 bêtement betement
gênes 192 gênes genes
chêne 192 chêne chene
têtue 187 têtue tetue
êtais 184 êtais etais
espêce 180 espêce espece
préfêr@ 174 préfêre prefere
vêtu 173 vêtu vetu
piêce 173 piêce piece
rênes 172 rênes renes
entrem@ 172 entremêlées entremelees
embêté 170 embêté embete
dêsolê 155 dêsolê desole
fêlé 152 fêlé fele
entêté 152 entêté entete
prêteu@ 149 prêteur preteur
vêtue 148 vêtue vetue
fêtons 145 fêtons fetons
emmêne 145 emmêne emmene
complê@ 144 complêtement completement
arrêti@ 139 arrêtiez arretiez
mêles 135 mêles meles
chêre 134 chêre chere
entête@ 133 entêtement entetement
lumiêr@ 132 lumiêre lumiere
prêtez 127 prêtez pretez
passê 127 passê passe
rêvant 123 rêvant revant
idêe 119 idêe idee
fêté 118 fêté fete
arriêr@ 117 arriêre arriere
achête 114 achête achete
rêvass@ 113 rêvasser revasser
gênait 112 gênait genait
frêres 112 frêres freres
arrivê 112 arrivê arrive
fêtard 106 fêtard fetard
biêre 104 biêre biere
rêvée 103 rêvée revee
chêrie 103 chêrie cherie
trouvê 100 trouvê trouve
deuxiê@ 96 deuxiême deuxieme
prêsen@ 95 prêsent present
procês 95 procês proces
grêle 94 grêle grele
guêpe 92 guêpe guepe
crêpe 90 crêpe crepe
rêvera@ 89 rêverai reverai
mêlés 89 mêlés meles
ramêne 88 ramêne ramene
amêne 88 amêne amene
êtiez 85 êtiez etiez
gênent 85 gênent genent
enlêve 85 enlêve enleve
nenê 83 nenê nene
armêe 83 armêe armee
intêre@ 82 intêressant interessant
côtê 82 côtê cote
colêre 82 colêre colere
viêtna@ 80 viêtnam vietnam
prêpar@ 79 prêpare prepare
maniêr@ 78 maniêre maniere
chênes 78 chênes chenes
carriê@ 78 carriêre carriere
êcoute 75 êcoute ecoute
démêle@ 75 démêler demeler
survêt@ 74 survêtement survetement
prêten@ 74 prêtent pretent
têtard 73 têtard tetard
succês 73 succês succes
pêchés 73 pêchés peches
êtaien@ 72 êtaient etaient
thêta 71 thêta theta
revête@ 71 revêtement revetement
piêces 69 piêces pieces
mêlent 69 mêlent melent
êtrang@ 68 êtrange etrange
gênés 67 gênés genes
riviêr@ 66 riviêre riviere
pêchai@ 66 pêchait pechait
diffêr@ 66 diffêrent different
crême 65 crême creme
prêtée 64 prêtée pretee
gênial 64 gênial genial
fêtera 63 fêtera fetera
fêtent 63 fêtent fetent
dêpart 63 dêpart depart
systêm@ 62 systême systeme
tuê 61 tuê tue
probiê@ 61 probiême probieme
têtus 60 têtus tetus
guêpes 60 guêpes guepes
prêfêr@ 59 prêfêre prefere
journê@ 59 journêe journee
bébête 59 bébête bebete
vêtus 58 vêtus vetus
rêussi 58 rêussi reussi
prêtai@ 58 prêtait pretait
hê 58 hê he
frêle 57 frêle frele
entiêr@ 57 entiêre entiere
chêri 57 chêri cheri
rêpond@ 56 rêpondre repondre
gagnê 56 gagnê gagne
emmêlé 56 emmêlé emmele
donnê 56 donnê donne
mêne 55 mêne mene
sêrieu@ 54 sêrieux serieux
mêlera@ 54 mêlerai melerai
lêve 54 lêve leve
sêquen@ 53 sêquence sequence
bêcheu@ 53 bêcheuse becheuse
benêt 53 benêt benet
rêgles 52 rêgles regles
répête 52 répête repete
protêg@ 52 protêge protege
numêro 52 numêro numero
gênêra@ 51 gênêrai generai
êpouse@ 50 êpouser epouser
arête 50 arête arete
ïêtre 49 ïêtre ietre
lêvres 49 lêvres levres
emmêle 49 emmêle emmele
célêbr@ 49 célêbre celebre
rêveus@ 48 rêveuse reveuse
revêti@ 48 revêtir revetir
blême 48 blême bleme
annêes 48 annêes annees
mêtres 47 mêtres metres
interê@ 47 interêt interet
dêtest@ 47 dêteste deteste
vêtir 46 vêtir vetir
vêritê 46 vêritê verite
secrêt@ 46 secrête secrete
parlê 46 parlê parle
dêbut 46 dêbut debut
chêque 46 chêque cheque
rêvons 45 rêvons revons
rêglem@ 45 rêglement reglement
prêcha@ 45 prêchait prechait
planêt@ 45 planête planete
piêge 45 piêge piege
carême 45 carême careme
rêveri@ 44 rêveries reveries
annêe 44 annêe annee
rêpons@ 43 rêponse reponse
guêre 42 guêre guere
fêlée 42 fêlée felee
êcrit 41 êcrit ecrit
possêd@ 41 possêde possede
appelê 41 appelê appele
êcole 40 êcole ecole
siêcle 40 siêcle siecle
rê 40 rê re
pensê 40 pensê pense
fêtez 40 fêtez fetez
fiêre 40 fiêre fiere
exprês 40 exprês expres
eurêka 40 eurêka eureka
spêcia@ 39 spêciale speciale
sincêr@ 39 sincêrement sincerement
laissê 39 laissê laisse
êt 38 êt et
rêvaie@ 38 rêvaient revaient
fêtait 38 fêtait fetait
siêge 37 siêge siege
kilomê@ 37 kilomêtres kilometres
dêrang@ 37 dêrange derange
collêg@ 37 collêgues collegues
êre 36 êre ere
êquipe 36 êquipe equipe
trêsor 36 trêsor tresor
soirêe 36 soirêe soiree
rêgle 36 rêgle regle
mêdeci@ 36 mêdecin medecin
marchê 36 marchê marche
expêri@ 36 expêrience experience
empêtr@ 36 empêtré empetre
dêcouv@ 36 dêcouvert decouvert
arêtes 36 arêtes aretes
apprêc@ 36 apprêcie apprecie
êcrire 35 êcrire ecrire
prêché 35 prêché preche
poêles 35 poêles poeles
enchev@ 35 enchevêtrement enchevetrement
changê 35 changê change
bêche 35 bêche beche
bêbê 35 bêbê bebe
pêpê 34 pêpê pepe
pimbêc@ 34 pimbêche pimbeche
modêle 34 modêle modele
guêtre@ 34 guêtres guetres
cinêma 34 cinêma cinema
ête 33 ête ete
vêrifi@ 33 vêrifiê verifie
mêlant 33 mêlant melant
mystêr@ 33 mystêre mystere
fêlés 33 fêlés feles
démêlé@ 33 démêlés demeles
cafê 33 cafê cafe
arrêtè@ 33 arrêtèrent arreterent
êtr 32 êtr etr
êchapp@ 32 êchappê echappe
rêflêc@ 32 rêflêchir reflechir
revêtu 32 revêtu revetu
relêve 32 relêve releve
mêrite 32 mêrite merite
dêjeun@ 32 dêjeuner dejeuner
dévêtu@ 32 dévêtue devetue
crêtes 32 crêtes cretes
suggêr@ 31 suggêre suggere
rêviez 31 rêviez reviez
rêgne 31 rêgne regne
reprês@ 31 reprêsente represente
pêchez 31 pêchez pechez
prêven@ 31 prêvenir prevenir
invitê 31 invitê invite
guêpie@ 31 guêpier guepier
auprês 31 auprês aupres
accês 31 accês acces
sêcuri@ 30 sêcuritê securite
pêchen@ 30 pêchent pechent
oubliê 30 oubliê oublie
noêl 30 noêl noel
fiêvre 30 fiêvre fievre
arrêtê 30 arrêtê arrete
amêric@ 30 amêricain americain
têt 29 têt tet
rêalis@ 29 rêalisateur realisateur
champê@ 29 champêtre champetre
têlêph@ 28 têlêphone telephone
prêtés 28 prêtés pretes
prêsid@ 28 prêsident president
priêre@ 28 priêres prieres
fidêle 28 fidêle fidele
crêve 28 crêve creve
rêveil@ 27 rêveiller reveiller
intêri@ 27 intêrieur interieur
fêtero@ 27 fêterons feterons
fêlici@ 27 fêlicitations felicitations
evêque 27 evêque eveque
brême 27 brême breme
êpoque 26 êpoque epoque
élêve 26 élêve eleve
restê 26 restê reste
quittê 26 quittê quitte
poême 26 poême poeme
occupê 26 occupê occupe
légêre 26 légêre legere
dêtraq@ 26 dêtraqueurs detraqueurs
amêriq@ 26 amêrique amerique
exagêr@ 25 exagêres exageres
envoyê 25 envoyê envoye
blessê 25 blessê blesse
aimê 25 aimê aime
êtat 24 êtat etat
soulêv@ 24 soulêve souleve
rêcept@ 24 rêcepteur recepteur
grêce 24 grêce grece
frêles 24 frêles freles
dévêti@ 24 dévêtir devetir
allêe 24 allêe allee
allê 24 allê alle
viêt 23 viêt viet
rêserv@ 23 rêservê reserve
récupê@ 23 récupêre recupere
nêcess@ 23 nêcessaire necessaire
niêce 23 niêce niece
mêlait 23 mêlait melait
intêrê@ 23 intêrêt interet
essayê 23 essayê essaye
dêfend@ 23 dêfendre defendre
dêclar@ 23 dêclaration declaration
dêcidê 23 dêcidê decide
bêtas 23 bêtas betas
zêtas 22 zêtas zetas
tournê@ 22 tournêe tournee
revêch@ 22 revêche reveche
progrê@ 22 progrês progres
mariê 22 mariê marie
liên 22 liên lien
dêtrui@ 22 dêtruire detruire
démêla@ 22 démêlant demelant
ênorme 21 ênorme enorme
têmoin 21 têmoin temoin
sociêt@ 21 sociêtê societe
rentrê 21 rentrê rentre
mêlons 21 mêlons melons
moitiê 21 moitiê moitie
idêes 21 idêes idees
fêlées 21 fêlées felees
fêlure 21 fêlure felure
dêsoiê 21 dêsoiê desoie
dêgage 21 dêgage degage
discrê@ 21 discrêtement discretement
têlê 20 têlê tele
thêâtr@ 20 thêâtre theatre
tchêqu@ 20 tchêques tcheques
sévêre 20 sévêre severe
rêalit@ 20 rêalitê realite
poêmes 20 poêmes poemes
payê 20 payê paye
nê 20 nê ne
frêque@ 20 frêquence frequence
flêche 20 flêche fleche
enlevê 20 enlevê enleve
dêtail@ 20 dêtails details
barriê@ 20 barriêre barriere
êglise 19 êglise eglise
zêta 19 zêta zeta
vêtues 19 vêtues vetues
vêcu 19 vêcu vecu
thê 19 thê the
sorciê@ 19 sorciêre sorciere
scênes 19 scênes scenes
santê 19 santê sante
prêton@ 19 prêtons pretons
prêtan@ 19 prêtant pretant
poête 19 poête poete
montrê@ 19 montrêal montreal
michêl@ 19 michêle michele
mariêe 19 mariêe mariee
gêneur@ 19 gêneurs geneurs
guêrin 19 guêrin guerin
fiancê 19 fiancê fiance
dêbarr@ 19 dêbarrasser debarrasser
comêdi@ 19 comêdie comedie
êviter 18 êviter eviter
ênergi@ 18 ênergie energie
élêves 18 élêves eleves
vêpres 18 vêpres vepres
tombê 18 tombê tombe
orêts 18 orêts orets
mêche 18 mêche meche
frappê 18 frappê frappe
dê 18 dê de
êtudia@ 17 êtudiant etudiant
êmissi@ 17 êmission emission
volê 17 volê vole
sêche 17 sêche seche
rêvion@ 17 rêvions revions
rêsult@ 17 rêsultat resultat
rêcupê@ 17 rêcupêrer recuperer
rêacti@ 17 rêaction reaction
repêre 17 repêre repere
nominê@ 17 nominêe nominee
misêre 17 misêre misere
iumiêr@ 17 iumiêre iumiere
extêri@ 17 extêrieur exterieur
dêtre 17 dêtre detre
dêcide 17 dêcide decide
dépêtr@ 17 dépêtrer depetrer
congrê@ 17 congrês congres
blê 17 blê ble
êtoile@ 16 êtoiles etoiles
tirê 16 tirê tire
septiê@ 16 septiême septieme
rêva 16 rêva reva
rêgler 16 rêgler regler
pêchan@ 16 pêchant pechant
prêvu 16 prêvu prevu
prêtie@ 16 prêtiez pretiez
privêe 16 privêe privee
privê 16 privê prive
opêrat@ 16 opêration operation
mêchan@ 16 mêchant mechant
infidê@ 16 infidêle infidele
hêros 16 hêros heros
dêpens@ 16 dêpenser depenser
crêtin 16 crêtin cretin
coupê 16 coupê coupe
censê 16 censê cense
cassê 16 cassê casse
cahouê@ 16 cahouête cahouete
beautê 16 beautê beaute
êclair@ 15 êclairage eclairage
scênar@ 15 scênario scenario
salpêt@ 15 salpêtre salpetre
rêche 15 rêche reche
revêt 15 revêt revet
pêter 15 pêter peter
pêres 15 pêres peres
promên@ 15 promêne promene
passêe 15 passêe passee
mêtier 15 mêtier metier
mêres 15 mêres meres
mêmoir@ 15 mêmoire memoire
mêm 15 mêm mem
mêie 15 mêie meie
mêdica@ 15 mêdicaments medicaments
matiêr@ 15 matiêre matiere
jouê 15 jouê joue
gênaie@ 15 gênaient genaient
espêra@ 15 espêrais esperais
entrêe 15 entrêe entree
emmenê 15 emmenê emmene
dêmarr@ 15 dêmarre demarre
cêzann@ 15 cêzanne cezanne
bêleme@ 15 bêlements belements
accusê 15 accusê accuse
êtions 14 êtions etions
rêunio@ 14 rêunion reunion
rêpête@ 14 rêpêter repeter
ratê 14 ratê rate
prêcis 14 prêcis precis
pariê 14 pariê parie
oxygên@ 14 oxygêne oxygene
libêre@ 14 libêrez liberez
dêtour 14 dêtour detour
dêpend 14 dêpend depend
côtês 14 côtês cotes
crêper@ 14 crêperie creperie
allês 14 allês alles
êrre 13 êrre erre
êlêmen@ 13 êlêment element
êlectr@ 13 êlectricitê electricite
êgalit@ 13 êgalitê egalite
revêta@ 13 revêtait revetait
remêde 13 remêde remede
pêse 13 pêse pese
prêtri@ 13 prêtrise pretrise
procêd@ 13 procêdez procedez
orêt 13 orêt oret
nêgre 13 nêgre negre
mênera 13 mênera menera
mênage 13 mênage menage
lycêe 13 lycêe lycee
iaissê 13 iaissê iaisse
fêtée 13 fêtée fetee
dêpose@ 13 dêposer deposer
dêconn@ 13 dêconnê deconne
depêch@ 13 depêche depeche
confêr@ 13 confêrence conference
chrêti@ 13 chrêtien chretien
bêê 13 bêê bee
bêniss@ 13 bênisse benisse
bohême 13 bohême boheme
amêner@ 13 amênerait amenerait
êviden@ 12 êvident evident
êvanou@ 12 êvanoui evanoui
êté 12 êté ete
êtudie@ 12 êtudier etudier
êpaule 12 êpaule epaule
ênerve@ 12 ênerver enerver
êlêgan@ 12 êlêgants elegants
tombêe 12 tombêe tombee
sêpare@ 12 sêparer separer
rênal 12 rênal renal
rêcomp@ 12 rêcompense recompense
rrêt 12 rrêt rret
ramenê 12 ramenê ramene
pête 12 pête pete
piêges 12 piêges pieges
obligê 12 obligê oblige
mêliez 12 mêliez meliez
mêlaie@ 12 mêlaient melaient
manquê 12 manquê manque
malgrê 12 malgrê malgre
kérosê@ 12 kérosêne kerosene
honête@ 12 honêtement honetement
gênero@ 12 gêneront generont
fêtion@ 12 fêtions fetions
fêmini@ 12 fêminin feminin
frêne 12 frêne frene
dêterm@ 12 dêterminê determine
dêtach@ 12 dêtachement detachement
dêplac@ 12 dêplacer deplacer
dêfens@ 12 dêfense defense
dêchir@ 12 dêchire dechire
cuillê@ 12 cuillêres cuilleres
crêatu@ 12 crêatures creatures
couchê 12 couchê couche
chêvre 12 chêvre chevre
bêêê 12 bêêê beee
bêtass@ 12 bêtasse betasse
bêcher 12 bêcher becher
bêbês 12 bêbês bebes
biêres 12 biêres bieres
bacail@ 12 bacaillê bacaille
agrêab@ 12 agrêable agreable
êtonne 11 êtonne etonne
êquipa@ 11 êquipage equipage
étê 11 étê ete
zêro 11 zêro zero
vêrita@ 11 vêritabie veritabie
vêlo 11 vêlo velo
sirêne 11 sirêne sirene
rêvê 11 rêvê reve
rêvere@ 11 rêverez reverez
rêv 11 rêv rev
rêsist@ 11 rêsister resister
rêjoui@ 11 rêjouir rejouir
risquê 11 risquê risque
raclêe 11 raclêe raclee
pêchée 11 pêchée pechee
mêtre 11 mêtre metre
mêlées 11 mêlées melees
mêlais 11 mêlais melais
mêcani@ 11 mêcanicien mecanicien
hêtres 11 hêtres hetres
gênais 11 gênais genais
fiertê 11 fiertê fierte
fermê 11 fermê ferme
eugêne 11 eugêne eugene
dêsire 11 dêsire desire
criniê@ 11 criniêre criniere
coincê@ 11 coincêe coincee
camêra 11 camêra camera
cachê 11 cachê cache
êtant 10 êtant etant
thême 10 thême theme
sêr 10 sêr ser
siêges 10 siêges sieges
sacrêe 10 sacrêe sacree
rêvolt@ 10 rêvolte revolte
refusê 10 refusê refuse
quêtes 10 quêtes quetes
pêriod@ 10 pêriode periode
prêta 10 prêta preta
poêlon 10 poêlon poelon
panthê@ 10 panthêre panthere
ocêan 10 ocêan ocean
mêthod@ 10 mêthode methode
musêe 10 musêe musee
marlên@ 10 marlênio marlenio
mariês 10 mariês maries
manêge 10 manêge manege
lêvre 10 lêvre levre
kiên 10 kiên kien
jêsus 10 jêsus jesus
intèrê@ 10 intèrêt interet
grêve 10 grêve greve
gardê 10 gardê garde
fêtaie@ 10 fêtaient fetaient
eniêve 10 eniêve enieve
engagê 10 engagê engage
dêvelo@ 10 dêveloppement developpement
dêtect@ 10 dêtective detective
dêpass@ 10 dêpasse depasse
dêmêna@ 10 dêmênagê demenage
dêjâ 10 dêjâ deja
dêgoût@ 10 dêgoûtant degoutant
dêcroc@ 10 dêcroche decroche
dêbrou@ 10 dêbrouille debrouille
dêbarq@ 10 dêbarquê debarque
cêliba@ 10 cêlibataire celibataire
bêle 10 bêle bele
bougê 10 bougê bouge
athlêt@ 10 athlête athlete
arrêtt@ 10 arrêtte arrette
achetê 10 achetê achete
êtve 9 êtve etve
êtabli@ 9 êtablir etablir
êpousê 9 êpousê epouse
êducat@ 9 êducation education
êconom@ 9 êconomiser economiser
évênem@ 9 évênement evenement
trompê 9 trompê trompe
traitê 9 traitê traite
touchê 9 touchê touche
sêjour 9 sêjour sejour
signê 9 signê signe
shêrif 9 shêrif sherif
rêpubl@ 9 rêpublique republique
rêpliq@ 9 rêplique replique
rêpare@ 9 rêparer reparer
rêcolt@ 9 rêcolte recolte
quêteu@ 9 quêteur queteur
prospê@ 9 prospêre prospere
portêe 9 portêe portee
piêtre 9 piêtre pietre
pensêe@ 9 pensêes pensees
paupiê@ 9 paupiêres paupieres
passês 9 passês passes
mangê 9 mangê mange
immêdi@ 9 immêdiatement immediatement
gêre 9 gêre gere
gênées 9 gênées genees
gêant 9 gêant geant
genêve 9 genêve geneve
fêe 9 fêe fee
excês 9 excês exces
excitê 9 excitê excite
estprê@ 9 estprêts estprets
espêro@ 9 espêrons esperons
dêsesp@ 9 dêsespêrês desesperes
dêfi 9 dêfi defi
droguê 9 droguê drogue
curê 9 curê cure
crêche 9 crêche creche
clês 9 clês cles
clê 9 clê cle
ciê 9 ciê cie
chassê 9 chassê chasse
canapê 9 canapê canape
brêche 9 brêche breche
amenê 9 amenê amene
êtonna@ 8 êtonnant etonnant
êst 8 êst est
êpreuv@ 8 êpreuve epreuve
êpouva@ 8 êpouvantard epouvantard
êloign@ 8 êloigner eloigner
êcrase@ 8 êcraser ecraser
êchang@ 8 êchange echange
viêts 8 viêts viets
vipêre@ 8 vipêres viperes
uê 8 uê ue
têtre 8 têtre tetre
sêlect@ 8 sêlectionnês selectionnes
synthê@ 8 synthêse synthese
supêri@ 8 supêrieur superieur
sonnê 8 sonnê sonne
rêunis 8 rêunis reunis
rêpand 8 rêpand repand
rêgion 8 rêgion region
reiêve 8 reiêve reieve
pêchon@ 8 pêchons pechons
prêvie@ 8 prêviens previens
prêfèr@ 8 prêfère prefere
prêcêd@ 8 prêcêdent precedent
mêlero@ 8 mêleront meleront
modêie 8 modêie modeie
lês 8 lês les
lêgume@ 8 lêgumes legumes
liêvre 8 liêvre lievre
indigê@ 8 indigênes indigenes
hêtre 8 hêtre hetre
gênere@ 8 gênerez generez
entrê 8 entrê entre
dêtend@ 8 dêtendre detendre
dêsir 8 dêsir desir
dêfonc@ 8 dêfoncê defonce
dêcisi@ 8 dêcision decision
désolê 8 désolê desole
cêlêbr@ 8 cêlêbre celebre
cêde 8 cêde cede
crêê 8 crêê cree
coupêe 8 coupêe coupee
coopêr@ 8 coopêrer cooperer
comprê@ 8 comprêhensive comprehensive
comitê 8 comitê comite
blêmes 8 blêmes blemes
benêts 8 benêts benets
aêrien 8 aêrien aerien
arêne 8 arêne arene
armês 8 armês armes
amusês 8 amusês amuses
adorê 8 adorê adore
accélê@ 8 accélêre accelere
êvênem@ 7 êvênement evenement
êterne@ 7 êternel eternel
êpicer@ 7 êpicerie epicerie
êlêpha@ 7 êlêphant elephant
êlever 7 êlever elever
êian 7 êian eian
êcriva@ 7 êcrivait ecrivait
êcran 7 êcran ecran
êcoutê 7 êcoutê ecoute
zêbre 7 zêbre zebre
você 7 você voce
virê 7 virê vire
têlêvi@ 7 têlêvision television
ténêbr@ 7 ténêbres tenebres
stratê@ 7 stratêgie strategie
sacrê 7 sacrê sacre
rêvêle@ 7 rêvêler reveler
rês 7 rês res
routiê@ 7 routiêre routiere
quêter 7 quêter queter
pêtard@ 7 pêtards petards
poupêe 7 poupêe poupee
portê 7 portê porte
pitiê 7 pitiê pitie
pigê 7 pigê pige
obsêde 7 obsêde obsede
mêpris@ 7 mêprise meprise
mênent 7 mênent menent
mêier 7 mêier meier
mêdias 7 mêdias medias
mê 7 mê me
montêe 7 montêe montee
matinê@ 7 matinêe matinee
maihon@ 7 maihonnête maihonnete
kiiomê@ 7 kiiomêtres kiiometres
intêgr@ 7 intêgre integre
hêlas 7 hêlas helas
gênêre@ 7 gênêreuse genereuse
grê 7 grê gre
gonflê 7 gonflê gonfle
fêtais 7 fêtais fetais
fêta 7 fêta feta
fêiici@ 7 fêiicitations feiicitations
fêdêra@ 7 fêdêraux federaux
exêcut@ 7 exêcutê execute
dêçu 7 dêçu deçu
dêsolé@ 7 dêsolée desolee
dêsert 7 dêsert desert
dêpiac@ 7 dêpiacer depiacer
dênonc@ 7 dênoncê denonce
dêmont@ 7 dêmontrent demontrent
dêmiss@ 7 dêmissionnê demissionne
dêlire 7 dêlire delire
dêfini@ 7 dêfinitif definitif
dêbord@ 7 dêbordê deborde
dêbat 7 dêbat debat
décês 7 décês deces
déchêt@ 7 déchêts dechets
douê 7 douê doue
donnêe 7 donnêe donnee
degrês 7 degrês degres
crêver@ 7 crêvera crevera
crêe 7 crêe cree
crêdit 7 crêdit credit
croisê 7 croisê croise
coiiêg@ 7 coiiêgues coiiegues
cinglê 7 cinglê cingle
chêres 7 chêres cheres
cachêe 7 cachêe cachee
bêtisi@ 7 bêtisier betisier
aêropo@ 7 aêroport aeroport
avouê 7 avouê avoue
appeiê 7 appeiê appeie
angoul@ 7 angoulême angouleme
aidê 7 aidê aide
accêlê@ 7 accêlêrer accelerer
êtudes 6 êtudes etudes
êtude 6 êtude etude
êtape 6 êtape etape
êquita@ 6 êquitation equitation
êprouv@ 6 êprouvêes eprouvees
êpargn@ 6 êpargne epargne
ênervê 6 ênervê enerve
êlecte@ 6 êlecteur electeur
êgoïst@ 6 êgoïste egoiste
êfre 6 êfre efre
êcureu@ 6 êcureuil ecureuil
êcrite 6 êcrite ecrite
êcouta@ 6 êcoutait ecoutait
êclate@ 6 êclater eclater
êchant 6 êchant echant
étagêr@ 6 étagêres etageres
écoliê@ 6 écoliêres ecolieres
unitês 6 unitês unites
têtues 6 têtues tetues
têiêph@ 6 têiêphone teiephone
tuêe 6 tuêe tuee
traînê@ 6 traînêe trainee
tentê 6 tentê tente
stupêf@ 6 stupêfait stupefait
sixiêm@ 6 sixiême sixieme
sindol@ 6 sindolelê sindolele
serrê 6 serrê serre
sauvê 6 sauvê sauve
rêtes 6 rêtes retes
rêpêti@ 6 rêpêtition repetition
rêglê 6 rêglê regle
rêelle@ 6 rêellement reellement
roulê 6 roulê roule
prêtèr@ 6 prêtèrent preterent
prêsum@ 6 prêsumez presumez
pressê 6 pressê presse
pouêt 6 pouêt pouet
poussê@ 6 poussês pousses
portiê@ 6 portiêre portiere
piêgê 6 piêgê piege
obsolê@ 6 obsolête obsolete
nêe 6 nêe nee
neuviê@ 6 neuviême neuvieme
mêrita@ 6 mêritaient meritaient
mêié 6 mêié meie
lêvera@ 6 lêverai leverai
libêra@ 6 libêral liberal
laitiê@ 6 laitiêre laitiere
khuyên 6 khuyên khuyen
jetê 6 jetê jete
inarrê@ 6 inarrêtable inarretable
imbêci@ 6 imbêcile imbecile
harcêl@ 6 harcêlement harcelement
gêorgi@ 6 gêorgie georgie
gênons 6 gênons genons
guêrir 6 guêrir guerir
grêlé 6 grêlé grele
grillê 6 grillê grille
genêts 6 genêts genets
fêtiez 6 fêtiez fetiez
fumêe 6 fumêe fumee
forcêm@ 6 forcêment forcement
emmêla@ 6 emmêlaient emmelaient
dêpres@ 6 dêpressions depressions
dêmons@ 6 dêmonstration demonstration
dêmoli@ 6 dêmolis demolis
dêlici@ 6 dêlicieux delicieux
dêfile@ 6 dêfilent defilent
dêcoll@ 6 dêcollage decollage
dêclen@ 6 dêclencher declencher
dêchar@ 6 dêcharge decharge
dêbuts 6 dêbuts debuts
dégénê@ 6 dégénêre degenere
crêpus 6 crêpus crepus
crêpag@ 6 crêpage crepage
crêer 6 crêer creer
corêe 6 corêe coree
cafês 6 cafês cafes
bêler 6 bêler beler
bêcane 6 bêcane becane
arêter 6 arêter areter
armê 6 armê arme
anêant@ 6 anêantir aneantir
amênen@ 6 amênent amenent
amêiio@ 6 amêiiorer ameiiorer
amusê 6 amusê amuse
ajoutê 6 ajoutê ajoute
affamê@ 6 affamês affames
abêtis@ 6 abêtissement abetissement
êvidem@ 5 êvidemment evidemment
êvadê 5 êvadê evade
êvacue@ 5 êvacuer evacuer
êtudiê 5 êtudiê etudie
êtrre 5 êtrre etrre
êtez 5 êtez etez
ênigme 5 ênigme enigme
êmeute 5 êmeute emeute
ême 5 ême eme
êlêves 5 êlêves eleves
êlêve 5 êlêve eleve
êfes 5 êfes efes
êcurie 5 êcurie ecurie
évêché 5 évêché eveche
ètê 5 ètê ete
zêle 5 zêle zele
vousre@ 5 vousremarquê vousremarque
têtons 5 têtons tetons
têmoig@ 5 têmoigner temoigner
tragêd@ 5 tragêdie tragedie
thêse 5 thêse these
thêrap@ 5 thêrapie therapie
tempêr@ 5 tempêrature temperature
tarê 5 tarê tare
sême 5 sême seme
sêance 5 sêance seance
sautê 5 sautê saute
sarrêt@ 5 sarrêter sarreter
saletê 5 saletê salete
rêvés 5 rêvés reves
rêvisi@ 5 rêvision revision
rêvero@ 5 rêveront reveront
rêvai 5 rêvai revai
rêtabl 5 rêtabl retabl
rêt 5 rêt ret
rêsoud@ 5 rêsoudre resoudre
rêparê 5 rêparê repare
rêne 5 rêne rene
rêgie 5 rêgie regie
rêfugi@ 5 rêfugiês refugies
rêfiêc@ 5 rêfiêchir refiechir
rêchau@ 5 rêchauffer rechauffer
rêcent 5 rêcent recent
rêcemm@ 5 rêcemment recemment
rêaiis@ 5 rêaiiser reaiiser
révêle 5 révêle revele
restês 5 restês restes
rejetê 5 rejetê rejete
reflêt@ 5 reflêter refleter
rachêt@ 5 rachêterai racheterai
pêchê 5 pêchê peche
pêchie@ 5 pêchiez pechiez
prêtex@ 5 prêtexte pretexte
prêser@ 5 prêserver preserver
prêmêd@ 5 prêmêditê premedite
posê 5 posê pose
pointê 5 pointê pointe
peutêt@ 5 peutêtre peutetre
oubiiê 5 oubiiê oubiie
opêrer 5 opêrer operer
opêre 5 opêre opere
nêgres 5 nêgres negres
nêgoci@ 5 nêgocier negocier
nêglig@ 5 nêgligera negligera
norvêg@ 5 norvêge norvege
navrêe 5 navrêe navree
navrê 5 navrê navre
mêritê 5 mêritê merite
mêlere@ 5 mêlerez melerez
mêla 5 mêla mela
menê 5 menê mene
matêri@ 5 matêriel materiel
marquê@ 5 marquêes marquees
lêvent 5 lêvent levent
lêger 5 lêger leger
lêche 5 lêche leche
lêbre 5 lêbre lebre
liê 5 liê lie
libêrê 5 libêrê libere
lancê 5 lancê lance
israêl@ 5 israêliens israeliens
imposê 5 imposê impose
idêal 5 idêal ideal
hêsite@ 5 hêsitez hesitez
hygiên@ 5 hygiêne hygiene
gêrer 5 gêrer gerer
gêrant 5 gêrant gerant
gênie 5 gênie genie
gêna 5 gêna gena
gên 5 gên gen
guêri 5 guêri gueri
grêlon@ 5 grêlons grelons
garcês 5 garcês garces
galêre 5 galêre galere
fêtant 5 fêtant fetant
fêler 5 fêler feler
fêes 5 fêes fees
futê 5 futê fute
funêbr@ 5 funêbres funebres
fouêta@ 5 fouêtard fouetard
forcê 5 forcê force
fermêe 5 fermêe fermee
dêposê 5 dêposê depose
dêcour@ 5 dêcouragê decourage
dêcevo@ 5 dêcevoir decevoir
dêcent@ 5 dêcente decente
dêbuta 5 dêbuta debuta
dêbile 5 dêbile debile
dèpêch@ 5 dèpêche depeche
doublê 5 doublê double
diên 5 diên dien
crêpés 5 crêpés crepes
congêl@ 5 congêlateur congelateur
confrê@ 5 confrêres confreres
comptê 5 comptê compte
colorê 5 colorê colore
choquê 5 choquê choque
bêtifi@ 5 bêtifier betifier
bênêfi@ 5 bênêfices benefices
brêve 5 brêve breve
brêles 5 brêles breles
brêle 5 brêle brele
briêve@ 5 briêvement brievement
bouchê@ 5 bouchêe bouchee
bontê 5 bontê bonte
bloquê 5 bloquê bloque
biên 5 biên bien
baisê 5 baisê baise
baissê 5 baissê baisse
aztêqu@ 5 aztêque azteque
avêre 5 avêre avere
attênu@ 5 attênuez attenuez
athêne@ 5 athênes athenes
appêti@ 5 appêtit appetit
amitiê 5 amitiê amitie
altimê@ 5 altimêtre altimetre
activê 5 activê active
achêve@ 5 achêves acheves
œillêr@ 4 œillêres œilleres
ïarrêt@ 4 ïarrêter iarreter
êtè 4 êtè ete
êtroit@ 4 êtroite etroite
êter 4 êter eter
êtage 4 êtage etage
êtabii@ 4 êtabiissement etabiissement
êta 4 êta eta
êrie 4 êrie erie
êrabie 4 êrabie erabie
êquipê@ 4 êquipês equipes
êpuisê@ 4 êpuisêe epuisee
êpoust@ 4 êpoustoufier epoustoufier
êmouva@ 4 êmouvante emouvante
êmotio@ 4 êmotion emotion
êlimin@ 4 êliminer eliminer
êlevê 4 êlevê eleve
êiimin@ 4 êiiminê eiimine
êe 4 êe ee
êcritu@ 4 êcriture ecriture
êcrasê@ 4 êcrasêe ecrasee
êcoie 4 êcoie ecoie
êclatê 4 êclatê eclate
êcarte@ 4 êcarter ecarter
étês 4 étês etes
vénêre@ 4 vénêreraient venereraient
voyagê 4 voyagê voyage
unitê 4 unitê unite
tênèbr@ 4 tênèbres tenebres
tuês 4 tuês tues
tolêre 4 tolêre tolere
tiêde 4 tiêde tiede
thêori@ 4 thêorie theorie
sêrie 4 sêrie serie
sêparê 4 sêparê separe
sêpara@ 4 sêparation separation
sênate@ 4 sênateur senateur
sêches 4 sêches seches
suppiê@ 4 suppiêant suppieant
secouê 4 secouê secoue
sauvêe@ 4 sauvêes sauvees
sacrês 4 sacrês sacres
sabliê@ 4 sabliêre sabliere
rêvées 4 rêvées revees
rêvè 4 rêvè reve
rêputa@ 4 rêputation reputation
rêpara@ 4 rêparation reparation
rêinca@ 4 rêincarnation reincarnation
rêgies 4 rêgies regies
rêfrig@ 4 rêfrigêrateur refrigerateur
rêel 4 rêel reel
rêcrêa@ 4 rêcrêation recreation
rêconf@ 4 rêconfortant reconfortant
rêches 4 rêches reches
rêaux 4 rêaux reaux
rêappa@ 4 rêapparaître reapparaitre
rêagi 4 rêagi reagi
rusê 4 rusê ruse
rrêter 4 rrêter rreter
romêo 4 romêo romeo
retirê 4 retirê retire
restêe 4 restêe restee
regrêt@ 4 regrête regrete
pêté 4 pêté pete
pêtrol@ 4 pêtrole petrole
pêtrin 4 pêtrin petrin
pênis 4 pênis penis
périmê@ 4 périmêtre perimetre
pâtêe 4 pâtêe patee
prêfér@ 4 prêférée preferee
prêcho@ 4 prêchons prechons
placê 4 placê place
perpêt@ 4 perpête perpete
opêren@ 4 opêrent operent
ohêrie 4 ohêrie oherie
nêve 4 nêve neve
nêgati@ 4 nêgative negative
noêi 4 noêi noei
mêtrag@ 4 mêtrage metrage
mêfait 4 mêfait mefait
mêdite@ 4 mêditerranêe mediterranee
mêches 4 mêches meches
métêqu@ 4 métêques meteques
montê 4 montê monte
magnêt@ 4 magnêtisme magnetisme
lêgêre 4 lêgêre legere
littêr@ 4 littêrature litterature
lancêe 4 lancêe lancee
jugê 4 jugê juge
illêga@ 4 illêgal illegal
hêrita@ 4 hêritage heritage
hêmorr@ 4 hêmorragie hemorragie
huitiê@ 4 huitiême huitieme
hantêe 4 hantêe hantee
gêle 4 gêle gele
génêra@ 4 génêrale generale
gâchê 4 gâchê gache
glaciê@ 4 glaciêre glaciere
fêtés 4 fêtés fetes
fâchê 4 fâchê fache
fusêe 4 fusêe fusee
fumigê@ 4 fumigênes fumigenes
filmê 4 filmê filme
fermês 4 fermês fermes
expêdi@ 4 expêdiait expediait
exaspê@ 4 exaspêre exaspere
etmême 4 etmême etmeme
estpro@ 4 estpropriêtaire estproprietaire
estimê 4 estimê estime
eriê 4 eriê erie
equipê@ 4 equipês equipes
envolê 4 envolê envole
enievê 4 enievê enieve
embêto@ 4 embêtons embetons
emblêm@ 4 emblême embleme
effacê 4 effacê efface
dînê 4 dînê dine
dêsorm@ 4 dêsormais desormais
dêshab@ 4 dêshabiiier deshabiiier
dêpêch@ 4 dêpêcher depecher
dêprim@ 4 dêprimes deprimes
dêposi@ 4 dêposition deposition
dêmon 4 dêmon demon
dêmocr@ 4 dêmocratie democratie
dêlibê@ 4 dêlibêrê delibere
dêguis@ 4 dêguisê deguise
dêfaut 4 dêfaut defaut
dêfait@ 4 dêfaite defaite
dêcrit 4 dêcrit decrit
dêcous@ 4 dêcousu decousu
dêcors 4 dêcors decors
dêclin@ 4 dêcliner decliner
dêbatt@ 4 dêbatta debatta
dêband@ 4 dêbandaient debandaient
dévêta@ 4 dévêtant devetant
dressê@ 4 dressêe dressee
douêe 4 douêe douee
dotêe 4 dotêe dotee
diêm 4 diêm diem
dixiêm@ 4 dixiême dixieme
côtiêr@ 4 côtiêre cotiere
cêrêmo@ 4 cêrêmonie ceremonie
cêrêal@ 4 cêrêales cereales
cêlèbr@ 4 cêlèbre celebre
cêiêbr@ 4 cêiêbritê ceiebrite
crêt 4 crêt cret
crachê 4 crachê crache
congê 4 congê conge
comtê 4 comtê comte
compêt@ 4 compêtence competence
compiê@ 4 compiêtement compietement
coiêre 4 coiêre coiere
cognê 4 cognê cogne
classê@ 4 classêe classee
chêrir 4 chêrir cherir
cessê 4 cessê cesse
catêgo@ 4 catêgories categories
bêêêê 4 bêêêê beeee
bêt 4 bêt bet
bêlant 4 bêlant belant
bêches 4 bêches beches
bêchai@ 4 bêchait bechait
bêbête 4 bêbête bebete
brûlê 4 brûlê brule
brêsil 4 brêsil bresil
bronzê 4 bronzê bronze
brisê 4 brisê brise
blêmis@ 4 blêmissent blemissent
blêmi 4 blêmi blemi
bergêr@ 4 bergêre bergere
attirê 4 attirê attire
assurê 4 assurê assure
artêre@ 4 artêres arteres
animê 4 animê anime
amênes 4 amênes amenes
amêlio@ 4 amêliore ameliore
amorcê@ 4 amorcêe amorcee
aiiê 4 aiiê aiie
aidês 4 aidês aides
accéiê@ 4 accéiêre acceiere
abrêge 4 abrêge abrege
abonnê@ 4 abonnês abonnes
êvolue@ 3 êvoluer evoluer
êveill@ 3 êveillerait eveillerait
êtreja@ 3 êtrejamais etrejamais
êtouff@ 3 êtouffêe etouffee
êtonnê 3 êtonnê etonne
êtne 3 êtne etne
êtince@ 3 êtincelle etincelle
êtemen@ 3 êtements etements
êtaitp@ 3 êtaitpas etaitpas
ês 3 ês es
êquili@ 3 êquilibre equilibre
ên 3 ên en
êlucid@ 3 êlucider elucider
êjecte@ 3 êjecter ejecter
êiectr@ 3 êiectriques eiectriques
êgaiem@ 3 êgaiement egaiement
êduquê 3 êduquê eduque
êduque@ 3 êduquer eduquer
êcroul@ 3 êcroule ecroule
êcris 3 êcris ecris
êcouti@ 3 êcoutiiie ecoutiiie
êcharp@ 3 êcharpe echarpe
vêtêra@ 3 vêtêrans veterans
vêtira@ 3 vêtirai vetirai
vênêra@ 3 vênêrait venerait
vêlé 3 vêlé vele
vêler 3 vêler veler
visê 3 visê vise
vidêo 3 vidêo video
ulcêre 3 ulcêre ulcere
têtais 3 têtais tetais
têlêch@ 3 têlêchargez telechargez
trêves 3 trêves treves
trempê@ 3 trempêe trempee
tirêe 3 tirêe tiree
terêz 3 terêz terez
taniêr@ 3 taniêre taniere
sêve 3 sêve seve
sênat 3 sênat senat
survêc@ 3 survêcu survecu
soignê@ 3 soignêe soignee
siêcie@ 3 siêcies siecies
sauvês 3 sauvês sauves
rêvêre@ 3 rêvêrend reverend
rêvêlê 3 rêvêlê revele
rêvère@ 3 rêvèrend reverend
rêvoqu@ 3 rêvoquer revoquer
rêvolu@ 3 rêvolution revolution
rêtice@ 3 rêticents reticents
rêsolu@ 3 rêsolue resolue
rêside@ 3 rêsidence residence
rêseau 3 rêseau reseau
rêguli@ 3 rêgulier regulier
rêguii@ 3 rêguiier reguiier
rêglé 3 rêglé regle
rêglo 3 rêglo reglo
rêgime 3 rêgime regime
rêfêre@ 3 rêfêrence reference
rêcure 3 rêcure recure
rêclam@ 3 rêclame reclame
rêcapi@ 3 rêcapitulons recapitulons
repêrê 3 repêrê repere
rasê 3 rasê rase
raphaê@ 3 raphaêi raphaei
quiont@ 3 quiontprêtéserment quiontpreteserment
quandm@ 3 quandmême quandmeme
pêtes 3 pêtes petes
pêtass@ 3 pêtasse petasse
pêsera 3 pêsera pesera
pêsent 3 pêsent pesent
pêpite 3 pêpite pepite
pênali@ 3 pênalitê penalite
pêdê 3 pêdê pede
pêchue 3 pêchue pechue
pêchu 3 pêchu pechu
pénêtr@ 3 pénêtre penetre
prêsag@ 3 prêsages presages
prênom@ 3 prênoms prenoms
prêlim@ 3 prêliminaires preliminaires
prêfet 3 prêfet prefet
prêcip@ 3 prêcipitation precipitation
prêcie@ 3 prêcieux precieux
prouvê 3 prouvê prouve
protêi@ 3 protêines proteines
poêtes 3 poêtes poetes
poêie 3 poêie poeie
plantê 3 plantê plante
piquê 3 piquê pique
pianêt@ 3 pianête pianete
payês 3 payês payes
payêe 3 payêe payee
paiê 3 paiê paie
obsêqu@ 3 obsêques obseques
obsêdê 3 obsêdê obsede
noyê 3 noyê noye
notê 3 notê note
mêtêo 3 mêtêo meteo
mêtall@ 3 mêtalleux metalleux
mênagê@ 3 mênagêre menagere
mêiée 3 mêiée meiee
mêies 3 mêies meies
mêient 3 mêient meient
mêdia 3 mêdia media
mêcas 3 mêcas mecas
mosquê@ 3 mosquêe mosquee
misêri@ 3 misêricorde misericorde
misêra@ 3 misêrable miserable
menacê@ 3 menacêe menacee
lêgale 3 lêgale legale
lêgal 3 lêgal legal
levê 3 levê leve
jurês 3 jurês jures
judaït@ 3 judaïtê judaite
ingêni@ 3 ingênieur ingenieur
infêri@ 3 infêrieur inferieur
indêpe@ 3 indêpendance independance
imprêv@ 3 imprêvisible imprevisible
iibêre@ 3 iibêrent iiberent
hêtêro 3 hêtêro hetero
hotêl 3 hotêl hotel
hommil@ 3 hommiliêre hommiliere
hiên 3 hiên hien
hantê 3 hantê hante
gênêro@ 3 gênêrositê generosite
gênion@ 3 gênions genions
gêneri@ 3 gêneriez generiez
gâtêe 3 gâtêe gatee
gâchêe 3 gâchêe gachee
guêpiè@ 3 guêpière guepiere
guidê 3 guidê guide
grêvis@ 3 grêvistes grevistes
grêler 3 grêler greler
glissê 3 glissê glisse
fêves 3 fêves feves
fêié 3 fêié feie
fê 3 fê fe
fâchêe 3 fâchêe fachee
frêie 3 frêie freie
fourrê@ 3 fourrês fourres
fougêr@ 3 fougêre fougere
foncê 3 foncê fonce
exercê 3 exercê exerce
europê@ 3 europêenne europeenne
etagêr@ 3 etagêre etagere
estêvã@ 3 estêvão estevão
entêtè 3 entêtè entete
entêta@ 3 entêtante entetante
enfolr@ 3 enfolrê enfolre
encien@ 3 encienchê encienche
embêtè 3 embêtè embete
elê 3 elê ele
effrên@ 3 effrênê effrene
dêçus 3 dêçus deçus
dêvore@ 3 dêvorer devorer
dêvoil@ 3 dêvoiler devoiler
dêtent@ 3 dêtente detente
dêsord@ 3 dêsordre desordre
dêsirs 3 dêsirs desirs
dêsact@ 3 dêsactivê desactive
dêriso@ 3 dêrisoire derisoire
dêpour@ 3 dêpourvu depourvu
dêpoto@ 3 dêpotoir depotoir
dêpann@ 3 dêpanneuse depanneuse
dêment@ 3 dêmenti dementi
dêlica@ 3 dêlicat delicat
dêj 3 dêj dej
dêiire 3 dêiire deiire
dêform@ 3 dêformait deformait
dêcês 3 dêcês deces
dêcêdê 3 dêcêdê decede
dêcorê 3 dêcorê decore
dêcoii@ 3 dêcoiie decoiie
dêcidé 3 dêcidé decide
dêchiq@ 3 dêchiqueter dechiqueter
dêchet@ 3 dêchets dechets
dêchaî@ 3 dêchaîne dechaine
dêcapi@ 3 dêcapiter decapiter
dêball@ 3 dêballer deballer
douês 3 douês doues
diête 3 diête diete
diêse 3 diêse diese
dirigê 3 dirigê dirige
diadêm@ 3 diadême diademe
diabêt@ 3 diabête diabete
cêdent 3 cêdent cedent
crêpé 3 crêpé crepe
crêati@ 3 crêativitê creativite
criê 3 criê crie
critêr@ 3 critêres criteres
coulê 3 coulê coule
concrê@ 3 concrête concrete
cohêre@ 3 cohêrent coherent
citê 3 citê cite
chorêg@ 3 chorêgraphie choregraphie
causê 3 causê cause
bêêêêê@ 3 bêêêêêêêêêh beeeeeeeeeh
bêêête 3 bêêête beeete
bêtabl@ 3 bêtabloquant betabloquant
bêché 3 bêché beche
bê 3 bê be
bicêtr@ 3 bicêtre bicetre
bercê 3 bercê berce
basê 3 basê base
balêze 3 balêze baleze
aînê 3 aînê aine
ayê 3 ayê aye
arrêfe 3 arrêfe arrefe
apprêh@ 3 apprêhension apprehension
anxiêt@ 3 anxiêté anxiete
amêre 3 amêre amere
amusêe 3 amusêe amusee
amenêe 3 amenêe amenee
allêge@ 3 allêgeance allegeance
allumê 3 allumê allume
algêbr@ 3 algêbre algebre
aimêe 3 aimêe aimee
affilê@ 3 affilêe affilee
ïê 2 ïê ie
íntérê@ 2 íntérêt ínteret
êvite 2 êvite evite
êventu@ 2 êventuelles eventuelles
êvasio@ 2 êvasion evasion
êtés 2 êtés etes
êttre 2 êttre ettre
êtroli@ 2 êtroliers etroliers
êtripe@ 2 êtriper etriper
êtreju@ 2 êtrejustement etrejustement
êtrein@ 2 êtreinte etreinte
êtran 2 êtran etran
êtoiie@ 2 êtoiies etoiies
êtirer 2 êtirer etirer
êternu@ 2 êternue eternue
êterni@ 2 êternitê eternite
êtendu@ 2 êtendue etendue
êteint 2 êteint eteint
êteins 2 êteins eteins
êtats 2 êtats etats
êtatpa@ 2 êtatpareil etatpareil
êtaitu@ 2 êtaitun etaitun
êtaitm@ 2 êtaitmoins etaitmoins
êtaitl@ 2 êtaitla etaitla
êtable 2 êtable etable
êrê 2 êrê ere
êrte 2 êrte erte
êro 2 êro ero
êres 2 êres eres
êradiq@ 2 êradiquer eradiquer
êquati@ 2 êquation equation
êpêe 2 êpêe epee
êpuise@ 2 êpuiseras epuiseras
êpoux 2 êpoux epoux
êpluch@ 2 êpluchê epluche
êpicê 2 êpicê epice
êpicie@ 2 êpicier epicier
êpices 2 êpices epices
êpater 2 êpater epater
êpaiss@ 2 êpaissit epaissit
êpais 2 êpais epais
êminen@ 2 êminent eminent
êmerve@ 2 êmerveillê emerveille
êlo 2 êlo elo
êlite 2 êlite elite
êlevag@ 2 êlevage elevage
êlecto@ 2 êlectorale electorale
êlargi 2 êlargi elargi
êiêgan@ 2 êiêgant eiegant
êioign@ 2 êioigner eioigner
êgrati@ 2 êgratignant egratignant
êgorgê 2 êgorgê egorge
êgiise 2 êgiise egiise
êgaux 2 êgaux egaux
êgard 2 êgard egard
êgal 2 êgal egal
êditeu@ 2 êditeurs editeurs
êcrive@ 2 êcrivez ecrivez
êcoles 2 êcoles ecoles
êclips@ 2 êclipse eclipse
êclata 2 êclata eclata
êchouê 2 êchouê echoue
êchoue@ 2 êchouer echouer
êchecs 2 êchecs echecs
êchec 2 êchec echec
êche 2 êche eche
êcart 2 êcart ecart
êbruit@ 2 êbruite ebruite
élêver@ 2 élêverons eleverons
élêven@ 2 élêvent elevent
égrêne 2 égrêne egrene
écrête 2 écrête ecrete
éclatê@ 2 éclatêrent eclaterent
écartê@ 2 écartêle ecartele
èphémê@ 2 èphémêre ephemere
âgês 2 âgês ages
zêbres 2 zêbres zebres
xérês 2 xérês xeres
xirê 2 xirê xire
vêvêqu@ 2 vêvêque veveque
vêtéra@ 2 vêtéran veteran
vêtez 2 vêtez vetez
vêtait 2 vêtait vetait
vêio 2 vêio veio
vêhicu@ 2 vêhicules vehicules
vêcure@ 2 vêcurent vecurent
vétêra@ 2 vétêran veteran
vénêra@ 2 vénêrable venerable
vulnêr@ 2 vulnêrable vulnerable
voiiêe@ 2 voiiêes voiiees
viêtco@ 2 viêtcongs vietcongs
versê 2 versê verse
urêtre 2 urêtre uretre
têtesd@ 2 têtesdepomme tetesdepomme
têter 2 têter teter
têtent 2 têtent tetent
têtenj@ 2 têtenjoy tetenjoy
têtenb@ 2 têtenbulle tetenbulle
têtant 2 têtant tetant
têlêgr@ 2 têlêgramme telegramme
tê 2 tê te
télêsp@ 2 télêspectateurs telespectateurs
télêph@ 2 télêphoner telephoner
trêmou@ 2 trêmousse tremousse
trêbuc@ 2 trêbucherai trebucherai
trouê 2 trouê troue
trapêz@ 2 trapêze trapeze
tiêt 2 tiêt tiet
thêque 2 thêque theque
testê 2 testê teste
tenêtr@ 2 tenêtre tenetre
temvêt@ 2 temvête temvete
tatouê 2 tatouê tatoue
tapê 2 tapê tape
taillê 2 taillê taille
sêrêna@ 2 sêrênade serenade
sêisme 2 sêisme seisme
sêiect@ 2 sêiecteur seiecteur
sêgrêg@ 2 sêgrêgation segregation
sêduct@ 2 sêduction seduction
sêché 2 sêché seche
sêcher 2 sêcher secher
sêchai@ 2 sêchais sechais
sêbast@ 2 sêbastien sebastien
surême@ 2 surêment surement
supêr 2 supêr super
supême 2 supême supeme
supplê@ 2 supplêmentaire supplementaire
stê 2 stê ste
spêcim@ 2 spêcimens specimens
sondê 2 sondê sonde
situê 2 situê situe
serrês 2 serrês serres
semblê 2 semblê semble
saturê@ 2 saturês satures
sambal@ 2 sambalelê sambalele
rêvêla@ 2 rêvêlation revelation
rêvére@ 2 rêvérend reverend
rêveii@ 2 rêveiiiê reveiiie
rêunit 2 rêunit reunit
rêunir@ 2 rêunirent reunirent
rêtrêc@ 2 rêtrêcit retrecit
rêtame@ 2 rêtamer retamer
rêsout 2 rêsout resout
rêsonn@ 2 rêsonne resonne
rêsona@ 2 rêsonance resonance
rêpêtê 2 rêpêtê repete
rêpugn@ 2 rêpugnant repugnant
rêpit 2 rêpit repit
rêpart@ 2 rêpartir repartir
rêgula@ 2 rêgulation regulation
rêgres@ 2 rêgresser regresser
rêgner@ 2 rêgnerai regnerai
rêgier 2 rêgier regier
rêgien@ 2 rêgient regient
rêflex@ 2 rêflexion reflexion
rêduit 2 rêduit reduit
rêduir@ 2 rêduire reduire
rêduct@ 2 rêduction reduction
rêcupé@ 2 rêcupérées recuperees
rêcrê 2 rêcrê recre
rêconc@ 2 rêconcilier reconcilier
rêcidi@ 2 rêcidive recidive
rêagit 2 rêagit reagit
rêagis 2 rêagis reagis
rêagir 2 rêagir reagir
réfêre 2 réfêre refere
réflêc@ 2 réflêchir reflechir
réenqu@ 2 réenquêté reenquete
réarrê@ 2 réarrêterez rearreterez
ruinê 2 ruinê ruine
rosêe 2 rosêe rosee
roipêc@ 2 roipêcheur roipecheur
renê 2 renê rene
remisê 2 remisê remise
relouê 2 relouê reloue
recêle 2 recêle recele
ratês 2 ratês rates
rangê 2 rangê range
quêtai@ 2 quêtais quetais
quêbec 2 quêbec quebec
pêteur@ 2 pêteurs peteurs
pêtera@ 2 pêterait peterait
pêtale@ 2 pêtales petales
pêri 2 pêri peri
pêpè 2 pêpè pepe
pênite@ 2 pênitencier penitencier
pêne 2 pêne pene
pêdiat@ 2 pêdiatre pediatre
pêchês 2 pêchês peches
pêchio@ 2 pêchions pechions
pêbroq@ 2 pêbroque pebroque
pêbre 2 pêbre pebre
pâtê 2 pâtê pate
pwêt 2 pwêt pwet
publiê@ 2 publiêe publiee
prêvoi@ 2 prêvoir prevoir
prêvis@ 2 prêvision prevision
prêtê 2 prêtê prete
prêtè 2 prêtè prete
prêtpo@ 2 prêtpourles pretpourles
prêtio@ 2 prêtions pretions
prêocc@ 2 prêoccupation preoccupation
prêf 2 prêf pref
prêcéd@ 2 prêcédent precedent
prêchi@ 2 prêchiez prechiez
prophê@ 2 prophêtes prophetes
progên@ 2 progêniture progeniture
poêsie 2 poêsie poesie
poêlée@ 2 poêlées poelees
pourem@ 2 pourempêchernosavions pourempechernosavions
posêe 2 posêe posee
polêmi@ 2 polêmique polemique
plongê@ 2 plongêe plongee
plaquê 2 plaquê plaque
piêtin@ 2 piêtinerez pietinerez
persêv@ 2 persêvêrance perseverance
paumês 2 paumês paumes
pathêt@ 2 pathêtique pathetique
pastêq@ 2 pastêque pasteque
passêi 2 passêi passei
paramê@ 2 paramêtres parametres
panê 2 panê pane
osê 2 osê ose
oriêan@ 2 oriêans orieans
opposê 2 opposê oppose
ontvol@ 2 ontvolê ontvole
ojéren@ 2 ojérendê ojerende
ohê 2 ohê ohe
ocêans 2 ocêans oceans
obêiss@ 2 obêissez obeissez
obêir 2 obêir obeir
obêi 2 obêi obei
obscên@ 2 obscêne obscene
nêtes 2 nêtes netes
nêgro 2 nêgro negro
nêga 2 nêga nega
numêri@ 2 numêriques numeriques
nuditê 2 nuditê nudite
nuciêa@ 2 nuciêaire nucieaire
ntêrêt 2 ntêrêt nteret
ntêres@ 2 ntêressé nteresse
ntérêt 2 ntérêt nteret
nommê 2 nommê nomme
narrêt@ 2 narrête narrete
mêêê 2 mêêê meee
mêtham@ 2 mêthamphêtamine methamphetamine
mêtaph@ 2 mêtaphysique metaphysique
mêpren@ 2 mêprenez meprenez
mêmme 2 mêmme memme
mêmejo@ 2 mêmejour memejour
mêlê 2 mêlê mele
mêlè 2 mêlè mele
mêleri@ 2 mêleriez meleriez
mêlang@ 2 mêlangé melange
mêlanc@ 2 mêlancolique melancolique
mêiés 2 mêiés meies
mêiè 2 mêiè meie
mêiez 2 mêiez meiez
mêdiat@ 2 mêdiatique mediatique
mêdail@ 2 mêdaille medaille
mêcont@ 2 mêcontent mecontent
mégêre 2 mégêre megere
mutê 2 mutê mute
mpêch 2 mpêch mpech
mplête@ 2 mplêtement mpletement
modême 2 modême modeme
miêvre@ 2 miêvreries mievreries
menêe 2 menêe menee
mendês 2 mendês mendes
lêves 2 lêves leves
lêsion 2 lêsion lesion
lêre 2 lêre lere
lêo 2 lêo leo
lêmeri 2 lêmeri lemeri
lêgère 2 lêgère legere
lêgers 2 lêgers legers
lêgend@ 2 lêgendes legendes
lê 2 lê le
lumiên@ 2 lumiêne lumiene
louê 2 louê loue
lntérê@ 2 lntérêt lnteret
lnconf@ 2 lnconfidência lnconfidencia
liês 2 liês lies
liêes 2 liêes liees
lignêe@ 2 lignêes lignees
laniêr@ 2 laniêres lanieres
jurê 2 jurê jure
joumêe 2 joumêe joumee
jetêe 2 jetêe jetee
iêvres 2 iêvres ievres
iêve 2 iêve ieve
iêgêre@ 2 iêgêrement iegerement
iêce 2 iêce iece
iê 2 iê ie
iégêre@ 2 iégêrement iegerement
isiême 2 isiême isieme
intolê@ 2 intolêrable intolerable
insêpa@ 2 insêparables inseparables
innêe 2 innêe innee
incitê 2 incitê incite
impêri@ 2 impêrieux imperieux
iiêvre 2 iiêvre iievre
idêale 2 idêale ideale
iarguê@ 2 iarguêes iarguees
hêtes 2 hêtes hetes
hêroïq@ 2 hêroïques heroiques
hêroqu@ 2 hêroque heroque
hêlico@ 2 hêlicoptère helicoptere
hêiico@ 2 hêiicoptêre heiicoptere
hêberg@ 2 hêbergê heberge
hyêne 2 hyêne hyene
huê 2 huê hue
huppêe@ 2 huppêes huppees
haltêr@ 2 haltêre haltere
gêres 2 gêres geres
gêrera@ 2 gêrerais gererais
gêogra@ 2 gêographie geographie
gênêri@ 2 gênêrique generique
gêniau@ 2 gêniaux geniaux
gêmis 2 gêmis gemis
gènêra@ 2 gènêral general
guêtes 2 guêtes guetes
guêt 2 guêt guet
guêris@ 2 guêrissez guerissez
guê 2 guê gue
grêves 2 grêves greves
grêles 2 grêles greles
gruyêr@ 2 gruyêre gruyere
griffê 2 griffê griffe
gravê 2 gravê grave
glacê 2 glacê glace
gelêe 2 gelêe gelee
gagnêe 2 gagnêe gagnee
fêvrie@ 2 fêvrier fevrier
fêtère@ 2 fêtèrent feterent
fêteur 2 fêteur feteur
fêiés 2 fêiés feies
futêe 2 futêe futee
frêt 2 frêt fret
frênes 2 frênes frenes
fossê 2 fossê fosse
forêf 2 forêf foref
forcêe 2 forcêe forcee
flattê@ 2 flattêe flattee
fiêres 2 fiêres fieres
fiêche 2 fiêche fieche
fixê 2 fixê fixe
filê 2 filê file
filmêe 2 filmêe filmee
exposê@ 2 exposês exposes
evadê 2 evadê evade
estres@ 2 estrestê estreste
estpre@ 2 estpremiêre estpremiere
esthêt@ 2 esthêtiquement esthetiquement
espêrê 2 espêrê espere
espiêg@ 2 espiêgle espiegle
entêtê@ 2 entêtêe entetee
entrês 2 entrês entres
ensê 2 ensê ense
enragê 2 enragê enrage
enquiê@ 2 enquiêre enquiere
empê 2 empê empe
empifr@ 2 empifrêe empifree
emmêié 2 emmêié emmeie
dêçue 2 dêçue deçue
dêçois 2 dêçois deçois
dêvali@ 2 dêvaliser devaliser
dêtêri@ 2 dêtêriorer deteriorer
dêteni@ 2 dêtenir detenir
dêtaii 2 dêtaii detaii
dêsint@ 2 dêsintêressê desinteresse
dêse 2 dêse dese
dêsapp@ 2 dêsapprouve desapprouve
dêsape@ 2 dêsaper desaper
dêsagr@ 2 dêsagrêments desagrements
dêroui@ 2 dêrouiller derouiller
dêrobe 2 dêrobe derobe
dênoue@ 2 dênouement denouement
dênigr@ 2 dênigreront denigreront
dênich@ 2 dêniche deniche
dêmenc@ 2 dêmence demence
dêmaqu@ 2 dêmaquiiier demaquiiier
dêmang@ 2 dêmange demange
dêlégu@ 2 dêlégué delegue
dêlit 2 dêlit delit
dêl 2 dêl del
dêiie 2 dêiie deiie
dêgâts 2 dêgâts degats
dêgust@ 2 dêgustais degustais
dêgrad@ 2 dêgradant degradant
dêgagê@ 2 dêgagêe degagee
dêdica@ 2 dêdicacê dedicace
dêcrir@ 2 dêcrire decrire
dêcoup@ 2 dêcoupe decoupe
dêcoul@ 2 dêcoulê decoule
dêcore@ 2 dêcorer decorer
dêcons@ 2 dêconseillerait deconseillerait
dêclic 2 dêclic declic
dêciar@ 2 dêciare deciare
dêceva@ 2 dêcevante decevante
dêbioq@ 2 dêbioquez debioquez
dépê 2 dépê depe
démêne 2 démêne demene
durê 2 durê dure
dorêna@ 2 dorênavant dorenavant
dopê 2 dopê dope
dominê 2 dominê domine
divisê@ 2 divisêe divisee
dintér@ 2 dintérêts dinterets
digêre@ 2 digêres digeres
diamêt@ 2 diamêtre diametre
dendê 2 dendê dende
dedê 2 dedê dede
dansê 2 dansê danse
cêrêbr@ 2 cêrêbral cerebral
cêiiba@ 2 cêiibataires ceiibataires
cêdre 2 cêdre cedre
cyprês 2 cyprês cypres
cvête 2 cvête cvete
cupêre 2 cupêre cupere
crêves 2 crêves creves
crêsus 2 crêsus cresus
crêmai@ 2 crêmaillêre cremaillere
cryogê@ 2 cryogênie cryogenie
criblê@ 2 criblês cribles
creusê 2 creusê creuse
consêq@ 2 consêquences consequences
congês 2 congês conges
comête@ 2 comêtes cometes
commêr@ 2 commêre commere
ciês 2 ciês cies
cinê 2 cinê cine
chêris 2 chêris cheris
chêrem@ 2 chêrement cherement
chopê 2 chopê chope
chimêr@ 2 chimêres chimeres
chevêc@ 2 chevêchette chevechette
chargê 2 chargê charge
censêe 2 censêe censee
calêch@ 2 calêche caleche
caiêch@ 2 caiêche caieche
bêton 2 bêton beton
bêtaus@ 2 bêtausore betausore
bênéfi@ 2 bênéficier beneficier
bênira@ 2 bêniras beniras
bêles 2 bêles beles
bêguin 2 bêguin beguin
bêchan@ 2 bêchant bechant
bérêts 2 bérêts berets
bâchê 2 bâchê bache
bsêde 2 bsêde bsede
brûlêe@ 2 brûlêes brulees
brúiêe 2 brúiêe brúiee
brêves 2 brêves breves
bruyêr@ 2 bruyêre bruyere
blêmit 2 blêmit blemit
blêmir@ 2 blêmira blemira
blâmê 2 blâmê blame
blindê@ 2 blindêe blindee
biême 2 biême bieme
biessê 2 biessê biesse
barême 2 barême bareme
banniê@ 2 banniêre banniere
bandês 2 bandês bandes
aînêe 2 aînêe ainee
avêren@ 2 avêrent averent
avancê 2 avancê avance
austêr@ 2 austêre austere
assêch@ 2 assêchent assechent
arêtez 2 arêtez aretez
arrêtâ@ 2 arrêtâmes arretames
arrêtr@ 2 arrêtre arretre
arrê 2 arrê arre
arrrêt@ 2 arrrêté arrrete
armêes 2 armêes armees
apêro 2 apêro apero
apêrit@ 2 apêritif aperitif
antigê@ 2 antigêne antigene
annulê 2 annulê annule
alê 2 alê ale
allêes 2 allêes allees
aiiêe 2 aiiêe aiiee
aiiumê 2 aiiumê aiiume
aidêe 2 aidêe aidee
agrême@ 2 agrêmenter agrementer
agitêe@ 2 agitêes agitees
agencê 2 agencê agence
affrêt@ 2 affrêtés affretes
adê 2 adê ade
adultê@ 2 adultêre adultere
adhêre@ 2 adhêrents adherents
adaptê 2 adaptê adapte
acquêr@ 2 acquêrir acquerir
ackrêt@ 2 ackrête ackrete
accêde@ 2 accêderons accederons
abêtir 2 abêtir abetir
œdême 1 œdême œdeme
øèíúêí 1 øèíúêí øeíúeí
õïíþêí 1 õïíþêí õiíþeí
ôtê 1 ôtê ote
óêôúñ 1 óêôúñ óeoúñ
ïenquê@ 1 ïenquêter ienqueter
êþæá 1 êþæá eþæá
êöûø 1 êöûø eöuø
êñþõæä 1 êñþõæä eñþõæä
êñþõ 1 êñþõ eñþõ
êíre 1 êíre eíre
êêtre 1 êêtre eetre
êår 1 êår eår
êvé 1 êvé eve
êvoluê@ 1 êvoluês evolues
êvolut@ 1 êvolution evolution
êvitê 1 êvitê evite
êvitio@ 1 êvitions evitions
êvital@ 1 êvitals evitals
êventa@ 1 êventail eventail
êve 1 êve eve
êvapor@ 1 êvaporêe evaporee
êvalua@ 1 êvaluation evaluation
êvaiue@ 1 êvaiuer evaiuer
êvadêe@ 1 êvadêes evadees
êvader 1 êvader evader
êtês 1 êtês etes
êtudié 1 êtudié etudie
êtss 1 êtss etss
êts 1 êts ets
êtré 1 êtré etre
êtro 1 êtro etro
êtrey 1 êtrey etrey
êtreun 1 êtreun etreun
êtrere@ 1 êtrereposé etrerepose
êtrer 1 êtrer etrer
êtrepr@ 1 êtreprotégés etreproteges
êtrepa@ 1 êtreparrtout etreparrtout
êtrenn@ 1 êtrennes etrennes
êtrema@ 1 êtremanifestée etremanifestee
êtreji@ 1 êtrejimmy etrejimmy
êtreee@ 1 êtreeeeeeeeeeeeee etreeeeeeeeeeeeee
êtoffê 1 êtoffê etoffe
êtier 1 êtier etier
êtiaie@ 1 êtiaient etiaient
êthiop@ 1 êthiopien ethiopien
êtezs 1 êtezs etezs
êtess 1 êtess etess
êtespa@ 1 êtespas etespas
êtesju@ 1 êtesjuste etesjuste
êtesjo@ 1 êtesjournaliste etesjournaliste
êtesja@ 1 êtesjamais etesjamais
êtesbi@ 1 êtesbien etesbien
êtenda@ 1 êtendant etendant
êtemis@ 1 êtemisent etemisent
êteind@ 1 êteindre eteindre
êteign@ 1 êteigne eteigne
êtau 1 êtau etau
êtang 1 êtang etang
êtanch@ 1 êtancher etancher
êtalê 1 êtalê etale
êtals 1 êtals etals
êtaler 1 êtaler etaler
êtalen@ 1 êtalent etalent
êtale 1 êtale etale
êtal 1 êtal etal
êtaitt@ 1 êtaittrahis etaittrahis
êtaitn@ 1 êtaitnotre etaitnotre
êtaitj@ 1 êtaitjuste etaitjuste
êtaitb@ 1 êtaitbon etaitbon
êtages 1 êtages etages
êstre 1 êstre estre
êsotêr@ 1 êsotêrique esoterique
êrotis@ 1 êrotisme erotisme
êreplu@ 1 êreplus ereplus
êrait 1 êrait erait
êraflê 1 êraflê erafle
êquivo@ 1 êquivoque equivoque
êpris 1 êpris epris
êpousè 1 êpousè epouse
êpousa@ 1 êpousait epousait
êpopêe 1 êpopêe epopee
êpiê 1 êpiê epie
êpivar@ 1 êpivardant epivardant
êpitap@ 1 êpitaphe epitaphe
êpisod@ 1 êpisode episode
êpis 1 êpis epis
êpingi@ 1 êpingiera epingiera
êpiler 1 êpiler epiler
êpie 1 êpie epie
êpider@ 1 êpiderme epiderme
êpelez 1 êpelez epelez
êpeler 1 êpeler epeler
êpave 1 êpave epave
êpaulê 1 êpaulê epaule
êpauie 1 êpauie epauie
êpatê 1 êpatê epate
êpanou@ 1 êpanoui epanoui
êonard 1 êonard eonard
ênêrat@ 1 ênêrations enerations
ênormê@ 1 ênormêment enormement
ênfe 1 ênfe enfe
ênerva@ 1 ênervants enervants
êne 1 êne ene
êmotiv@ 1 êmotives emotives
êmis 1 êmis emis
êmigra@ 1 êmigrants emigrants
êmiett@ 1 êmietter emietter
êmeut 1 êmeut emeut
êmette@ 1 êmettez emettez
êmet 1 êmet emet
êmes 1 êmes emes
êmerge@ 1 êmerger emerger
êlêver@ 1 êlêvera elevera
êlèves 1 êlèves eleves
êluder 1 êluder eluder
êlude 1 êlude elude
êludai@ 1 êludais eludais
êlu 1 êlu elu
êloges 1 êloges eloges
êlitis@ 1 êlitiste elitiste
êlire 1 êlire elire
êlevês 1 êlevês eleves
êleveu@ 1 êleveur eleveur
êleva 1 êleva eleva
êlecti@ 1 êlections elections
êle 1 êle ele
êlance@ 1 êlancer elancer
êlabor@ 1 êlaborêes elaborees
êjecti@ 1 êjection ejection
êjacul@ 1 êjaculent ejaculent
êiêve 1 êiêve eieve
êiêmen@ 1 êiêment eiement
êiude 1 êiude eiude
êiresa@ 1 êiresans eiresans
êiogie@ 1 êiogieuse eiogieuse
êilr 1 êilr eilr
êiigib@ 1 êiigibie eiigibie
êievê 1 êievê eieve
êiever 1 êiever eiever
êievai@ 1 êievait eievait
êiabor@ 1 êiaborê eiabore
êgrene@ 1 êgreneuse egreneuse
êgoïïï@ 1 êgoïïïstes egoiiistes
êgoïsm@ 1 êgoïsme egoisme
êgorge@ 1 êgorgeant egorgeant
êgoist@ 1 êgoiste egoiste
êgo 1 êgo ego
êgarê 1 êgarê egare
êgare 1 êgare egare
êgards 1 êgards egards
êgalem@ 1 êgalement egalement
êgale 1 êgale egale
êgaier 1 êgaier egaier
êes 1 êes ees
êdê 1 êdê ede
êdredo@ 1 êdredon edredon
êcœura@ 1 êcœurant ecœurant
êcume 1 êcume ecume
êcuell@ 1 êcuelle ecuelle
êcrlva@ 1 êcrlvals ecrlvals
êcrits 1 êcrits ecrits
êcrito@ 1 êcritoire ecritoire
êcrira@ 1 êcrirait ecrirait
êcoula@ 1 êcoulait ecoulait
êcossê 1 êcossê ecosse
êcorch@ 1 êcorchures ecorchures
êcoper@ 1 êcoperai ecoperai
êcolog@ 1 êcologie ecologie
êcolie@ 1 êcoliers ecoliers
êcoies 1 êcoies ecoies
êciatê 1 êciatê eciate
êciair@ 1 êciairage eciairage
êciabo@ 1 êciabousserait eciabousserait
êchine 1 êchine echine
êchelo@ 1 êchelon echelon
êchell@ 1 êchelle echelle
êchauf@ 1 êchauffer echauffer
êchass@ 1 êchasses echasses
êchafa@ 1 êchafaudages echafaudages
êceura@ 1 êceurant eceurant
êcartê@ 1 êcartês ecartes
êcarti@ 1 êcartillê ecartille
êcarla@ 1 êcarlate ecarlate
êbloui@ 1 êblouissantes eblouissantes
étêteu@ 1 étêteurs eteteurs
étéarr@ 1 étéarrêté etearrete
épousê 1 épousê epouse
éphémê@ 1 éphémêre ephemere
énquêt@ 1 énquête enquete
éniême 1 éniême enieme
élêpha@ 1 élêphant elephant
élêgan@ 1 élêgante elegante
éiêves 1 éiêves eieves
écuyêr@ 1 écuyêre ecuyere
écrasê 1 écrasê ecrase
èçáêäý@ 1 èçáêäýó eçáeäýó
èvêque@ 1 èvêques eveques
ènervê@ 1 ènervêe enervee
èlevê 1 èlevê eleve
çáíñßç@ 1 çáíñßçê çáíñßçe
çáãêñì@ 1 çáãêñìã çáãeñìã
çaarrê@ 1 çaarrêtons çaarretons
ãäõê 1 ãäõê ãäõe
âlêa 1 âlêa alea
âgê 1 âgê age
árrête 1 árrête árrete
zêros 1 zêros zeros
zêland@ 1 zêlande zelande
zê 1 zê ze
xêrès 1 xêrès xeres
vêtmen@ 1 vêtments vetments
vêtiss@ 1 vêtisses vetisses
vêtire@ 1 vêtirez vetirez
vêtiez 1 vêtiez vetiez
vêtent 1 vêtent vetent
vêt 1 vêt vet
vêrona@ 1 vêronaïque veronaique
vêreux 1 vêreux vereux
vênus 1 vênus venus
vêmes 1 vêmes vemes
vême 1 vême veme
vêlos 1 vêlos velos
vêlomo@ 1 vêlomoteur velomoteur
vêlage 1 vêlage velage
vêcês 1 vêcês veces
vê 1 vê ve
végêta@ 1 végêtarien vegetarien
vvêtem@ 1 vvêtements vvetements
vrillê 1 vrillê vrille
voûtê 1 voûtê voute
vousêt@ 1 vousêtes vousetes
votê 1 votê vote
votrê 1 votrê votre
volês 1 volês voles
volêe 1 volêe volee
voiê 1 voiê voie
vlrê 1 vlrê vlre
visêes 1 visêes visees
vissê 1 vissê visse
visiêr@ 1 visiêre visiere
visitê 1 visitê visite
viscêr@ 1 viscêres visceres
virês 1 virês vires
virêes 1 virêes virees
violê 1 violê viole
vidêos 1 vidêos videos
viciê 1 viciê vicie
vexêe 1 vexêe vexee
vexê 1 vexê vexe
vetême@ 1 vetêments vetements
vengê 1 vengê venge
vannêe 1 vannêe vannee
unpêu 1 unpêu unpeu
unprêt@ 1 unprêtre unpretre
uniiat@ 1 uniiatêrai uniiaterai
uiête 1 uiête uiete
uicêre 1 uicêre uicere
têtées 1 têtées tetees
têtée 1 têtée tetee
têtiêr@ 1 têtiêre tetiere
têtièr@ 1 têtière tetiere
têteus@ 1 têteuse teteuse
têtero@ 1 têterons teterons
têteau 1 têteau teteau
têtage 1 têtage tetage
têmêra@ 1 têmêraire temeraire
têm 1 têm tem
têlêsp@ 1 têlêspectateurs telespectateurs
têlêpa@ 1 têlêpathie telepathie
têlêci@ 1 têlêcinêtiques telecinetiques
têléph@ 1 têléphonez telephonez
têlé 1 têlé tele
têleph@ 1 têlephonerai telephonerai
têiêgr@ 1 têiêgramme teiegramme
têiê 1 têiê teie
téêpho@ 1 téêphone teephone
tétête 1 tétête tetete
tuchê 1 tuchê tuche
trê 1 trê tre
truffê 1 truffê truffe
trophê@ 1 trophêe trophee
triê 1 triê trie
trichê 1 trichê triche
trainê@ 1 trainêe trainee
toê 1 toê toe
toumêe@ 1 toumêes toumees
tombês 1 tombês tombes
toiêre@ 1 toiêrerai toiererai
tiête 1 tiête tiete
tirêes 1 tirêes tirees
tibêta@ 1 tibêtain tibetain
thês 1 thês thes
thêrês@ 1 thêrêse therese
théêtr@ 1 théêtre theetre
tchêco@ 1 tchêcosiovaquie tchecosiovaquie
tatête 1 tatête tatete
taiiiê 1 taiiiê taiiie
tachêe 1 tachêe tachee
sêvit 1 sêvit sevit
sêvill@ 1 sêville seville
sês 1 sês ses
sêrum 1 sêrum serum
sêries 1 sêries series
sêmite@ 1 sêmites semites
sêmina@ 1 sêminaires seminaires
sêmera 1 sêmera semera
sêment 1 sêment sement
sêfara@ 1 sêfarades sefarades
sêduir@ 1 sêduire seduire
sêdati@ 1 sêdatif sedatif
sêcula@ 1 sêculaire seculaire
sêchêe@ 1 sêchêes sechees
sêchen@ 1 sêchent sechent
sêchem@ 1 sêchement sechement
sêcate@ 1 sêcateur secateur
sytême 1 sytême syteme
symêtr@ 1 symêtriques symetriques
suêde 1 suêde suede
surêté 1 surêté surete
surfê 1 surfê surfe
sucrêe@ 1 sucrêes sucrees
stêroï@ 1 stêroïdes steroides
sphêre 1 sphêre sphere
soviêt@ 1 soviêtique sovietique
souiêv@ 1 souiêvement souievement
sommêt 1 sommêt sommet
soldê 1 soldê solde
soclêt@ 1 soclêtê soclete
sociêf@ 1 sociêfê sociefe
siêgen@ 1 siêgent siegent
signêe 1 signêe signee
sidêrê 1 sidêrê sidere
sibêri@ 1 sibêrien siberien
sensêe@ 1 sensêes sensees
scêniq@ 1 scênique scenique
scrutê@ 1 scrutêe scrutee
sciê 1 sciê scie
schêma@ 1 schêmas schemas
schêhê@ 1 schêhêrazade scheherazade
scannê 1 scannê scanne
sapê 1 sapê sape
saluês 1 saluês salues
salopê 1 salopê salope
saliêr@ 1 saliêres salieres
sakê 1 sakê sake
saketê 1 saketê sakete
sabotê 1 sabotê sabote
sablê 1 sablê sable
rêêqui@ 1 rêêquiper reequiper
rêvêie@ 1 rêvêiez reveiez
rêvéqu@ 1 rêvéque reveque
rêvèle 1 rêvèle revele
rêvâme@ 1 rêvâmes revames
rêvuls@ 1 rêvulsent revulsent
rêvise 1 rêvise revise
rêverp@ 1 rêverplus reverplus
rêutil@ 1 rêutiliserait reutiliserait
rêunie@ 1 rêunies reunies
rêsume@ 1 rêsumer resumer
rêsuit@ 1 rêsuitat resuitat
rêsoiu 1 rêsoiu resoiu
rêsine 1 rêsine resine
rêsenc@ 1 rêsence resence
rêre 1 rêre rere
rêpêta@ 1 rêpêtait repetait
rêpéte 1 rêpéte repete
rêpres@ 1 rêpression repression
rêpiiq@ 1 rêpiiques repiiques
rêperc@ 1 rêpercute repercute
rêmunê@ 1 rêmunêrêe remuneree
rêitêr@ 1 rêitêre reitere
rêhabi@ 1 rêhabiliter rehabiliter
rêguia@ 1 rêguiateur reguiateur
rêglêe 1 rêglêe reglee
rêglai@ 1 rêglait reglait
rêgiêe 1 rêgiêe regiee
rêgiss@ 1 rêgisseur regisseur
rêgalê 1 rêgalê regale
rêgaie@ 1 rêgaier regaier
rêfuta@ 1 rêfutation refutation
rêfléc@ 1 rêfléchis reflechis
rêflèt@ 1 rêflètent refletent
rêfiex@ 1 rêfiexion refiexion
rêessa@ 1 rêessayer reessayer
rêduis@ 1 rêduisez reduisez
rêdigê 1 rêdigê redige
rêdige@ 1 rêdiger rediger
rêdemp@ 1 rêdemption redemption
rêcurr@ 1 rêcurrent recurrent
rêcupè@ 1 rêcupère recupere
rêcupe@ 1 rêcuperè recupere
rêcolê 1 rêcolê recole
rêcits 1 rêcits recits
rêcite 1 rêcite recite
rêcita@ 1 rêcitant recitant
rêcipi@ 1 rêcipiendaire recipiendaire
rêciam@ 1 rêciament reciament
rêchap@ 1 rêchapper rechapper
rêbell@ 1 rêbellion rebellion
rêbeii@ 1 rêbeiiion rebeiiion
rêanim@ 1 rêanimer reanimer
révêre 1 révêre revere
révêr 1 révêr rever
révêie 1 révêie reveie
réquêt@ 1 réquête requete
répêta@ 1 répêtais repetais
régénê@ 1 régénêre regenere
rèfêrê 1 rèfêrê refere
râpê 1 râpê rape
rythmê@ 1 rythmêe rythmee
ruinês 1 ruinês ruines
rrêts 1 rrêts rrets
rrêtes 1 rrêtes rretes
rrête 1 rrête rrete
rrêta 1 rrêta rreta
rotê 1 rotê rote
rosê 1 rosê rose
ronflê 1 ronflê ronfle
rodêes 1 rodêes rodees
rodê 1 rodê rode
riêre 1 riêre riere
risêe 1 risêe risee
rhêtor@ 1 rhêtorique rhetorique
revêts 1 revêts revets
revêto@ 1 revêtons revetons
revêle 1 revêle revele
revê 1 revê reve
reuête@ 1 reuêtes reuetes
repêra@ 1 repêrable reperable
reprêt@ 1 reprêté reprete
repliê 1 repliê replie
renêe 1 renêe renee
rentiê@ 1 rentiêre rentiere
reniê 1 reniê renie
remêmo@ 1 remêmorais rememorais
remêdi@ 1 remêdie remedie
remmên@ 1 remmêne remmene
relêgu@ 1 relêguês relegues
reliês 1 reliês relies
reliêe@ 1 reliêes reliees
reliê 1 reliê relie
relevê 1 relevê releve
reievê@ 1 reievêe reievee
refilê 1 refilê refile
recalê 1 recalê recale
rayê 1 rayê raye
ravagê 1 ravagê ravage
ratêes 1 ratêes ratees
ratêe 1 ratêe ratee
rasês 1 rasês rases
rassiê@ 1 rassiêre rassiere
rarrêt@ 1 rarrête rarrete
rapiêc@ 1 rapiêce rapiece
rampê 1 rampê rampe
raciêe 1 raciêe raciee
quêtre 1 quêtre quetre
quêtan@ 1 quêtant quetant
quoiar@ 1 quoiarrêter quoiarreter
quiês 1 quiês quies
quirêv@ 1 quirêverait quireverait
quiquê@ 1 quiquête quiquete
pêze 1 pêze peze
pêtuni@ 1 pêtunia petunia
pêtuch@ 1 pêtuchin petuchin
pêtra 1 pêtra petra
pêtit 1 pêtit petit
pêtent 1 pêtent petent
pêtant 1 pêtant petant
pêshé 1 pêshé peshe
pêsher 1 pêsher pesher
pêshai@ 1 pêshait peshait
pêrou 1 pêrou perou
pêripl@ 1 pêriple periple
pêrimê@ 1 pêrimêtre perimetre
pêrill@ 1 pêrilleuse perilleuse
pêrii 1 pêrii perii
pêrdre 1 pêrdre perdre
pêquen@ 1 pêquenot pequenot
pêpe 1 pêpe pepe
pêohe 1 pêohe peohe
pênêtr@ 1 pênêtrant penetrant
pênibl@ 1 pênible penible
pênes 1 pênes penes
pêleri@ 1 pêlerins pelerins
pêgre 1 pêgre pegre
pêdoph@ 1 pêdophilie pedophilie
pêdale 1 pêdale pedale
pêcan 1 pêcan pecan
pê 1 pê pe
péchê 1 péchê peche
pâtês 1 pâtês pates
puêril 1 puêril pueril
purêe 1 purêe puree
pulvêr@ 1 pulvêrise pulverise
pubiiê@ 1 pubiiêe pubiiee
ptêt 1 ptêt ptet
psukhê 1 psukhê psukhe
prêvôt 1 prêvôt prevot
prêvoy@ 1 prêvoyait prevoyait
prêvin@ 1 prêvint prevint
prêtêe 1 prêtêe pretee
prêtès 1 prêtès pretes
prêtá 1 prêtá pretá
prêpuc@ 1 prêpuce prepuce
prêmèd@ 1 prêmèditation premeditation
prêmis@ 1 prêmisses premisses
prême 1 prême preme
prêlas@ 1 prêlasse prelasse
prêfs 1 prêfs prefs
prêfro@ 1 prêfrontaie prefrontaie
prêfez 1 prêfez prefez
prêfe 1 prêfe prefe
prêdit 1 prêdit predit
prêdis@ 1 prêdisposait predisposait
prêdes@ 1 prêdestinê predestine
prêchè@ 1 prêchèrent precherent
prêch 1 prêch prech
prêcau@ 1 prêcaution precaution
prélêv@ 1 prélêve preleve
préiêv@ 1 préiêvement preievement
précêd@ 1 précêde precede
prèfêr@ 1 prèfêrêe preferee
prrête 1 prrête prrete
protêt 1 protêt protet
prosêl@ 1 prosêlytisme proselytisme
procrê@ 1 procrêer procreer
prlvê 1 prlvê prlve
priê 1 priê prie
privês 1 privês prives
preêvi@ 1 preêviendrons preeviendrons
poêlé 1 poêlé poele
pourêt@ 1 pourêtre pouretre
posês 1 posês poses
postês 1 postês postes
postêr@ 1 postêritê posterite
posemê@ 1 posemêtre posemetre
polynê@ 1 polynêsiennes polynesiennes
polymê@ 1 polymêre polymere
pnêt 1 pnêt pnet
pnêcêd@ 1 pnêcêdemment pnecedemment
plêtê 1 plêtê plete
pliêe 1 pliêe pliee
pliê 1 pliê plie
pliocê@ 1 pliocêne pliocene
pleurê 1 pleurê pleure
plaidê 1 plaidê plaide
placêe 1 placêe placee
piêtê 1 piêtê piete
piêgé 1 piêgé piege
piêdes@ 1 piêdestai piedestai
piquêe 1 piquêe piquee
pincê 1 pincê pince
piesti@ 1 piestiembêter piestiembeter
peuplê 1 peuplê peuple
pesê 1 pesê pese
persêc@ 1 persêcutês persecutes
pererê 1 pererê perere
perchê@ 1 perchês perches
penchê@ 1 penchêe penchee
peignê@ 1 peignêe peignee
pavê 1 pavê pave
paumê 1 paumê paume
patinê 1 patinê patine
pasmêm@ 1 pasmême pasmeme
oépêch@ 1 oépêche oepeche
ouvriê@ 1 ouvriêre ouvriere
ournêe 1 ournêe ournee
orniêr@ 1 orniêres ornieres
orlêan@ 1 orlêans orleans
orfêvr@ 1 orfêvres orfevres
oomplê@ 1 oomplêtement oompletement
ontêe 1 ontêe ontee
ontê 1 ontê onte
onttra@ 1 onttraitês onttraites
ontrel@ 1 ontrelâchê ontrelache
ontpiq@ 1 ontpiquê ontpique
onnête@ 1 onnêtement onnetement
onflê 1 onflê onfle
ondulê@ 1 ondulês ondules
olelê 1 olelê olele
ohêri 1 ohêri oheri
obêse 1 obêse obese
obêit 1 obêit obeit
obêira@ 1 obêiras obeiras
obsêda@ 1 obsêdais obsedais
obsoiê@ 1 obsoiêtes obsoietes
obaiua@ 1 obaiuaê obaiuae
nêvron@ 1 nêvronet nevronet
nêtre 1 nêtre netre
nês 1 nês nes
nêgiig@ 1 nêgiigê negiige
nêgatl@ 1 nêgatlf negatlf
nêes 1 nêes nees
nêcro 1 nêcro necro
nêconf@ 1 nêconfont neconfont
nêbule@ 1 nêbuleuses nebuleuses
nêanmo@ 1 nêanmoins neanmoins
nêalit@ 1 nêalitê nealite
noêmia 1 noêmia noemia
noyêe 1 noyêe noyee
nnêtem@ 1 nnêtement nnetement
nerêvi@ 1 nerêvions nerevions
nempêc@ 1 nempêchaient nempechaient
naêtre 1 naêtre naetre
napoiê@ 1 napoiêon napoieon
naguêr@ 1 naguêre naguere
mêê 1 mêê mee
mêtro 1 mêtro metro
mêticu@ 1 mêticuleux meticuleux
mêtaux 1 mêtaux metaux
mêtamo@ 1 mêtamorphose metamorphose
mês 1 mês mes
mênere@ 1 mênerez menerez
mêmê 1 mêmê meme
mêms 1 mêms mems
mêmolr@ 1 mêmolre memolre
mêmez 1 mêmez memez
mêmess@ 1 mêmesscènes memesscenes
mêmepa@ 1 mêmepasfait memepasfait
mêmeme@ 1 mêmement memement
mêmeje@ 1 mêmejeter memejeter
mêlêe 1 mêlêe melee
mêlère@ 1 mêlèrent melerent
mêlèes 1 mêlèes melees
mêlèe 1 mêlèe melee
mêlodr@ 1 mêlodramatiques melodramatiques
mêlo 1 mêlo melo
mêliés 1 mêliés melies
mêiées 1 mêiées meiees
mêièe 1 mêièe meiee
mêiodi@ 1 mêiodie meiodie
mêiere@ 1 mêierez meierez
mêiera@ 1 mêierais meierais
mêiang@ 1 mêiange meiange
mêgast@ 1 mêgastars megastars
mêfien@ 1 mêfient mefient
mêfie 1 mêfie mefie
mêdor 1 mêdor medor
mêdoc 1 mêdoc medoc
mêdita@ 1 mêditation meditation
mêdioc@ 1 mêdiocre mediocre
mêdaii@ 1 mêdaiiies medaiiies
mêcêne 1 mêcêne mecene
mêcano@ 1 mêcanos mecanos
mêca 1 mêca meca
ménagê@ 1 ménagêres menageres
muê 1 muê mue
mutilê@ 1 mutilêes mutilees
musclê@ 1 musclês muscles
murêne 1 murêne murene
moulês 1 moulês moules
moquês 1 moquês moques
moquê 1 moquê moque
moltlê@ 1 moltlês moltles
misê 1 misê mise
minêra@ 1 minêraux mineraux
miniêr@ 1 miniêres minieres
milliê@ 1 milliême millieme
mijotê@ 1 mijotêrent mijoterent
meublê@ 1 meublêes meublees
merdê 1 merdê merde
mercês 1 mercês merces
meparl@ 1 meparlaientmêmepas meparlaientmemepas
membêt@ 1 membête membete
maêtre 1 maêtre maetre
mathêm@ 1 mathêmatiques mathematiques
masquê 1 masquê masque
marêes 1 marêes marees
marêe 1 marêe maree
martêl@ 1 martêle martele
marrêt@ 1 marrêter marreter
mariêr@ 1 mariêrent marierent
maniên@ 1 maniêne maniene
malêtr@ 1 malêtres maletres
malêfi@ 1 malêfique malefique
malmên@ 1 malmêne malmene
malfêt@ 1 malfête malfete
maiêdi@ 1 maiêdiction maiediction
maiê 1 maiê maie
madêre 1 madêre madere
macuiê 1 macuiê macuie
lêzard 1 lêzard lezard
lêvero@ 1 lêveront leveront
lêtres 1 lêtres letres
lêtre 1 lêtre letre
lête 1 lête lete
lêpre 1 lêpre lepre
lêgue 1 lêgue legue
lêgiti@ 1 lêgitime legitime
lêgist@ 1 lêgiste legiste
lêgisl@ 1 lêgislation legislation
lêché 1 lêché leche
lêcher 1 lêcher lecher
lêchen@ 1 lêchent lechent
lêchai@ 1 lêchais lechais
lêbres 1 lêbres lebres
lévêqu@ 1 lévêque leveque
lâchêe 1 lâchêe lachee
lâchê 1 lâchê lache
luttê 1 luttê lutte
lucrêc@ 1 lucrêce lucrece
lsraêl 1 lsraêl lsrael
louchê 1 louchê louche
longêv@ 1 longêvitê longevite
lnocên@ 1 lnocêncio lnocencio
lmmêdi@ 1 lmmêdiatement lmmediatement
lmbêci@ 1 lmbêcile lmbecile
llêge 1 llêge llege
liêge 1 liêge liege
liêe 1 liêe liee
livêch@ 1 livêche liveche
livrês 1 livrês livres
livrê 1 livrê livre
limitê@ 1 limitêe limitee
lezê 1 lezê leze
levês 1 levês leves
levêre@ 1 levêrent leverent
levêes 1 levêes levees
lesmêm@ 1 lesmêmes lesmemes
lempêc@ 1 lempêcher lempecher
ldêe 1 ldêe ldee
lavêe 1 lavêe lavee
lavê 1 lavê lave
laurêa@ 1 laurêat laureat
latêsi@ 1 latêsion latesion
lassê 1 lassê lasse
larguê 1 larguê largue
lamême 1 lamême lameme
lampêe 1 lampêe lampee
laforê@ 1 laforêt laforet
kêkéyî 1 kêkéyî kekeyi
kêk 1 kêk kek
kliên 1 kliên klien
jêtent 1 jêtent jetent
jêrêmi@ 1 jêrêmiades jeremiades
jêrusa@ 1 jêrusalem jerusalem
jênant 1 jênant jenant
jêhova@ 1 jêhovah jehovah
jê 1 jê je
jugêre@ 1 jugêrent jugerent
jubilê 1 jubilê jubile
jfête 1 jfête jfete
jetês 1 jetês jetes
jambiê@ 1 jambiêres jambieres
iêves 1 iêves ieves
iêvent 1 iêvent ievent
iêcher 1 iêcher iecher
iêchen@ 1 iêchent iechent
itinêr@ 1 itinêraire itineraire
isolê 1 isolê isole
irrêsi@ 1 irrêsistibiement irresistibiement
irrêpr@ 1 irrêprochables irreprochables
iraitp@ 1 iraitpêter iraitpeter
inêvit@ 1 inêvitable inevitable
inêbra@ 1 inêbraniabie inebraniabie
invêtê@ 1 invêtêrê invetere
invenf@ 1 invenfêe invenfee
intrêt 1 intrêt intret
indêni@ 1 indêniables indeniables
incohê@ 1 incohêrent incoherent
impênê@ 1 impênêtrable impenetrable
imbibê@ 1 imbibêe imbibee
imagêe@ 1 imagêes imagees
ilê 1 ilê ile
illêgi@ 1 illêgitime illegitime
iiêe 1 iiêe iiee
iivrêe@ 1 iivrêes iivrees
iivrê 1 iivrê iivre
iittêr@ 1 iittêraiement iitteraiement
iiiêga@ 1 iiiêgai iiiegai
ignorê 1 ignorê ignore
idêolo@ 1 idêologie ideologie
iavêes 1 iavêes iavees
iarrêt@ 1 iarrête iarrete
ianiêr@ 1 ianiêres ianieres
iancêe 1 iancêe iancee
iancê 1 iancê iance
iaitiê@ 1 iaitiêre iaitiere
hêsitê 1 hêsitê hesite
hêroïn@ 1 hêroïne heroine
hêro 1 hêro hero
hêriti@ 1 hêritiêre heritiere
hêriss@ 1 hêrissaient herissaient
hêneux 1 hêneux heneux
hêmoph@ 1 hêmophile hemophile
hêdoni@ 1 hêdonisme hedonisme
hêbraï@ 1 hêbraïques hebraiques
hélêne 1 hélêne helene
hyênes 1 hyênes hyenes
hydroê@ 1 hydroêiectrique hydroeiectrique
huppês 1 huppês huppes
honorê 1 honorê honore
homogê@ 1 homogêne homogene
herpês@ 1 herpêsà herpesa
hermês 1 hermês hermes
hdnnêt@ 1 hdnnête hdnnete
halête@ 1 halêtement haletement
haiêtr@ 1 haiêtre haietre
gêules 1 gêules geules
gêrard 1 gêrard gerard
gêomêt@ 1 gêomêtrique geometrique
gêolog@ 1 gêologues geologues
gênêti@ 1 gênêtiques genetiques
gênêe 1 gênêe genee
gênê 1 gênê gene
gênois@ 1 gênoise genoise
gênies 1 gênies genies
gêniai 1 gêniai geniai
gênerj@ 1 gênerjim generjim
gêmir 1 gêmir gemir
gêlés 1 gêlés geles
gêante@ 1 gêantes geantes
gê 1 gê ge
génêre@ 1 génêrera generera
gynêco@ 1 gynêcologue gynecologue
guêtta@ 1 guêttant guettant
guês 1 guês gues
guêrit 1 guêrit guerit
guêril@ 1 guêrilla guerilla
guidês 1 guidês guides
guidêe 1 guidêe guidee
gueulê 1 gueulê gueule
grêiée 1 grêiée greiee
grugês 1 grugês gruges
groupê@ 1 groupês groupes
grevêe 1 grevêe grevee
greffê 1 greffê greffe
glêbe 1 glêbe glebe
glacês 1 glacês glaces
giflê 1 giflê gifle
giaciê@ 1 giaciêre giaciere
ggêne 1 ggêne ggene
gerês 1 gerês geres
gelêes 1 gelêes gelees
geiês 1 geiês geies
geibêé 1 geibêé geibee
gazomê@ 1 gazomêtre gazometre
garêe 1 garêe garee
gardês 1 gardês gardes
gardêe 1 gardêe gardee
gangrê@ 1 gangrêne gangrene
galêrê 1 galêrê galere
gaietê 1 gaietê gaiete
gagê 1 gagê gage
gagnês 1 gagnês gagnes
fêêêêê@ 1 fêêêêête feeeeete
fêve 1 fêve feve
fêtê 1 fêtê fete
fêtées 1 fêtées fetees
fêtre 1 fêtre fetre
fêteri@ 1 fêteriez feteriez
fêtere@ 1 fêterez feterez
fêtalt 1 fêtalt fetalt
fêtale 1 fêtale fetale
fêroce 1 fêroce feroce
fêre 1 fêre fere
fêlêe 1 fêlêe felee
fêle 1 fêle fele
fêiée 1 fêiée feiee
fêfe 1 fêfe fefe
fêcule@ 1 fêculents feculents
futês 1 futês futes
futêes 1 futêes futees
fusêes 1 fusêes fusees
fumê 1 fumê fume
fuguê 1 fuguê fugue
frêmis 1 frêmis fremis
frêies 1 frêies freies
frê 1 frê fre
frnêtr@ 1 frnêtre frnetre
frisêe 1 frisêe frisee
francê@ 1 francês frances
foêt 1 foêt foet
fournê@ 1 fournêe fournee
foulê 1 foulê foule
forêr 1 forêr forer
forcês 1 forcês forces
fondêr@ 1 fondêrent fonderent
fondê 1 fondê fonde
foncêe 1 foncêe foncee
fonciê@ 1 fonciêrement foncierement
flêre 1 flêre flere
flêchi@ 1 flêchissons flechissons
flirtê 1 flirtê flirte
fleurf@ 1 fleurfunêraire fleurfuneraire
fldêle 1 fldêle fldele
flashê 1 flashê flashe
fiêr 1 fiêr fier
fixês 1 fixês fixes
filmês 1 filmês filmes
filiêr@ 1 filiêre filiere
fiiê 1 fiiê fiie
figurê 1 figurê figure
fidêie@ 1 fidêies fideies
fichê 1 fichê fiche
fessêe 1 fessêe fessee
fermêr@ 1 fermêrent fermerent
fenêrr@ 1 fenêrre fenerre
fenê 1 fenê fene
fempêf@ 1 fempêfe fempefe
fautêt@ 1 fautêtre fautetre
fauchê 1 fauchê fauche
famês 1 famês fames
fainêa@ 1 fainêants faineants
exêcre 1 exêcre execre
exubêr@ 1 exubêrant exuberant
extême 1 extême exteme
exigêe 1 exigêe exigee
exhumê 1 exhumê exhume
excêle 1 excêle excele
excêde 1 excêde excede
exaucê 1 exaucê exauce
evêché 1 evêché eveche
eugêni@ 1 eugênio eugenio
etrêpê@ 1 etrêpête etrepete
etpayê@ 1 etpayês etpayes
etintê@ 1 etintêrêts etinterets
etfenê@ 1 etfenêtres etfenetres
esês 1 esês eses
estpav@ 1 estpavêe estpavee
epêche@ 1 epêcher epecher
epuisê@ 1 epuisêe epuisee
enês 1 enês enes
enviêr@ 1 enviêrent envierent
entêto@ 1 entêtons entetons
ensêe 1 ensêe ensee
enrôiê 1 enrôiê enroie
enpêch@ 1 enpêcher enpecher
ennuyê 1 ennuyê ennuye
enmême 1 enmême enmeme
enmêlé 1 enmêlé enmele
endêtt@ 1 endêtté endette
endurê 1 endurê endure
enchêr@ 1 enchêres encheres
empêsh@ 1 empêshaient empeshaient
empêfr@ 1 empêfré empefre
empâtê 1 empâtê empate
empiêt@ 1 empiête empiete
emmêna@ 1 emmênage emmenage
emmêlè@ 1 emmêlès emmeles
emmêll@ 1 emmêllés emmelles
emmêie@ 1 emmêier emmeier
embêtê 1 embêtê embete
embêti@ 1 embêtiez embetiez
embetê@ 1 embetês embetes
elêe 1 elêe elee
elysêe@ 1 elysêes elysees
effêmi@ 1 effêminês effemines
dûêtre@ 1 dûêtree duetree
dînêre@ 1 dînêrent dinerent
dêvouê 1 dêvouê devoue
dêvoue@ 1 dêvouement devouement
dêviês 1 dêviês devies
dêvers@ 1 dêversait deversait
dêverg@ 1 dêvergondêes devergondees
dêvast@ 1 dêvastês devastes
dêvalo@ 1 dêvalorisê devalorise
dêtona@ 1 dêtonateur detonateur
dêtien@ 1 dêtient detient
dêtes 1 dêtes detes
dêterr@ 1 dêterrer deterrer
dêtenu 1 dêtenu detenu
dête 1 dête dete
dêsêqu@ 1 dêsêquilibre desequilibre
dêsori@ 1 dêsorientê desoriente
dêsopi@ 1 dêsopilant desopilant
dêsobê@ 1 dêsobêir desobeir
dêsirê@ 1 dêsirêe desiree
dêsemp@ 1 dêsemparêe desemparee
dêsamo@ 1 dêsamorcêes desamorcees
dêrout@ 1 dêroutants deroutants
dêroul@ 1 dêroulêe deroulee
dêrobê@ 1 dêrobês derobes
dêrivê@ 1 dêrivês derives
dêrive 1 dêrive derive
dêrape 1 dêrape derape
dêpôts 1 dêpôts depots
dêpôt 1 dêpôt depot
dêprav@ 1 dêpravê deprave
dêpoui@ 1 dêpouiiier depouiiier
dêpot 1 dêpot depot
dêport@ 1 dêporter deporter
dêpliê 1 dêpliê deplie
dêplaî@ 1 dêplaît deplait
dêplai@ 1 dêplaisant deplaisant
dêpech@ 1 dêpechez depechez
dêpche@ 1 dêpchez depchez
dêpare@ 1 dêpareiller depareiller
dênuem@ 1 dênuement denuement
dênonç@ 1 dênonçant denonçant
dênomm@ 1 dênommê denomme
dêni 1 dêni deni
dêména@ 1 dêménagé demenage
dêmuni@ 1 dêmunis demunis
dêmora@ 1 dêmoralisês demoralises
dêmoni@ 1 dêmoniaque demoniaque
dêmoii@ 1 dêmoiir demoiir
dêmodê 1 dêmodê demode
dêmena@ 1 dêmenait demenait
dêmemb@ 1 dêmembrê demembre
dêmarc@ 1 dêmarche demarche
dêmant@ 1 dêmantelê demantele
dêlêga@ 1 dêlêgation delegation
dêllbê@ 1 dêllbêrêment dellberement
dêlira@ 1 dêlirant delirant
dêlice 1 dêlice delice
dêlibè@ 1 dêlibèrèment deliberement
dêlect@ 1 dêlectation delectation
dêlabr@ 1 dêlabrê delabre
dêjoue@ 1 dêjouer dejouer
dêjant@ 1 dêjantêe dejantee
dêiici@ 1 dêiicieuse deiicieuse
dêiica@ 1 dêiicate deiicate
dêgêle 1 dêgêle degele
dêgueu@ 1 dêgueulasse degueulasse
dêgoul@ 1 dêgouline degouline
dêgotê 1 dêgotê degote
dêgott@ 1 dêgottê degotte
dêgonf@ 1 dêgonflês degonfles
dêgomm@ 1 dêgommer degommer
dêgain@ 1 dêgaine degaine
dêfêre@ 1 dêfêrence deference
dêfunt 1 dêfunt defunt
dêfoul@ 1 dêfoule defoule
dêfonç@ 1 dêfonçait defonçait
dêfilê 1 dêfilê defile
dêfila@ 1 dêfilant defilant
dêfiiê@ 1 dêfiiês defiies
dêfect@ 1 dêfectueuse defectueuse
dêfair@ 1 dêfaire defaire
dêfaii@ 1 dêfaiiiance defaiiiance
dêdiê 1 dêdiê dedie
dêdion@ 1 dêdions dedions
dêdaig@ 1 dêdaigner dedaigner
dêcryp@ 1 dêcryptês decryptes
dêcret 1 dêcret decret
dêcora@ 1 dêcorateur decorateur
dêcor 1 dêcor decor
dêcont@ 1 dêcontractê decontracte
dêconc@ 1 dêconcerté deconcerte
dêcomp@ 1 dêcomposê decompose
dêchif@ 1 dêchiffre dechiffre
dêche 1 dêche deche
dêcept@ 1 dêception deception
dêcenn@ 1 dêcennies decennies
dêcemb@ 1 dêcembre decembre
dêcele@ 1 dêceler deceler
dêcamp@ 1 dêcampe decampe
dêcala@ 1 dêcalage decalage
dêc 1 dêc dec
dêbute 1 dêbute debute
dêbusq@ 1 dêbusquer debusquer
dêbran@ 1 dêbranchês debranches
dêbour@ 1 dêbourse debourse
dêboul@ 1 dêboule deboule
dêbine@ 1 dêbiner debiner
dêbauc@ 1 dêbauche debauche
dévêtî@ 1 dévêtîmes devetimes
dévêt 1 dévêt devet
désobê@ 1 désobêir desobeir
dérêgl@ 1 dérêgle deregle
démêie 1 démêie demeie
délêgu@ 1 délêgue delegue
dégoêt@ 1 dégoêtes degoetes
décêdé@ 1 décêdés decedes
décêde@ 1 décêdent decedent
décrêt@ 1 décrête decrete
décrêp@ 1 décrêpais decrepais
décidê@ 1 décidêrent deciderent
durêe 1 durêe duree
dufrên@ 1 dufrêne dufrene
dragêe 1 dragêe dragee
douziê@ 1 douziême douzieme
doutê 1 doutê doute
dotê 1 dotê dote
dorêes 1 dorêes dorees
dorêe 1 dorêe doree
dorê 1 dorê dore
diurêt@ 1 diurêtique diuretique
dissêq@ 1 dissêques disseques
dilêmm@ 1 dilêmme dilemme
dilême 1 dilême dileme
diffên@ 1 diffênentes diffenentes
dictêe 1 dictêe dictee
diathê@ 1 diathêque diatheque
devête@ 1 devêtements devetements
devinê 1 devinê devine
dernlê@ 1 dernlêre dernlere
denniê@ 1 denniêne denniene
demêtr@ 1 demêtre demetre
degrê 1 degrê degre
decidê@ 1 decidêe decidee
darrêt@ 1 darrêter darreter
damê 1 damê dame
cêtres 1 cêtres cetres
cêsure 1 cêsure cesure
cêpes 1 cêpes cepes
cêlê 1 cêlê cele
cêdera@ 1 cêderai cederai
cê 1 cê ce
céiêbr@ 1 céiêbre ceiebre
cuiiiê@ 1 cuiiiêre cuiiiere
crêêe 1 crêêe creee
crêven@ 1 crêvent crevent
crêpée 1 crêpée crepee
crêpié@ 1 crêpiéres crepieres
crêpen@ 1 crêpent crepent
crêmes 1 crêmes cremes
crêera 1 crêera creera
crêdib@ 1 crêdibilitê credibilite
crêcha@ 1 crêchait crechait
crêate@ 1 crêateur createur
crê 1 crê cre
crevê 1 crevê creve
cratêr@ 1 cratêres crateres
coûtê 1 coûtê coute
coútê 1 coútê coúte
couê 1 couê coue
corvêe@ 1 corvêes corvees
corniê@ 1 corniêre corniere
cordêl@ 1 cordêlia cordelia
copiê 1 copiê copie
connaê@ 1 connaêtre connaetre
confêd@ 1 confêdêrês confederes
confiê 1 confiê confie
commêm@ 1 commêmore commemore
colncê@ 1 colncêe colncee
collês 1 collês colles
collê 1 collê colle
colini@ 1 coliniêre coliniere
coiffê@ 1 coiffêe coiffee
cochêr@ 1 cochêres cocheres
clêbar@ 1 clêbards clebards
clignê 1 clignê cligne
clichê@ 1 clichês cliches
clartê 1 clartê clarte
clandê@ 1 clandês clandes
ciêmen@ 1 ciêmente ciemente
civiêr@ 1 civiêres civieres
cingiê 1 cingiê cingie
chêrle 1 chêrle cherle
chêqui@ 1 chêquier chequier
chrême 1 chrême chreme
chevêt 1 chevêt chevet
chetê 1 chetê chete
chantê 1 chantê chante
cernês 1 cernês cernes
causêe 1 causêe causee
catê 1 catê cate
castrê 1 castrê castre
cassêe 1 cassêe cassee
cartês@ 1 cartêsien cartesien
camêsc@ 1 camêscope camescope
calmês 1 calmês calmes
cafêt 1 cafêt cafet
cachês 1 cachês caches
bêêêrk 1 bêêêrk beeerk
bêtlé 1 bêtlé betle
bêtis 1 bêtis betis
bêtelé@ 1 bêteléjus betelejus
bêtatr@ 1 bêtatron betatron
bêtail 1 bêtail betail
bêtabi@ 1 bêtabioquants betabioquants
bênit 1 bênit benit
bênis 1 bênis benis
bênet 1 bênet benet
bêma 1 bêma bema
bêlé 1 bêlé bele
bêlez 1 bêlez belez
bêlait 1 bêlait belait
bêgue 1 bêgue begue
bêchen@ 1 bêchent bechent
bêchas 1 bêchas bechas
béhême 1 béhême beheme
bâteii@ 1 bâteiiêre bateiiere
bâfrê 1 bâfrê bafre
butê 1 butê bute
brêmoi@ 1 brêmois bremois
brêmes 1 brêmes bremes
brulê 1 brulê brule
brisêe 1 brisêe brisee
braquê 1 braquê braque
boxê 1 boxê boxe
bouêes 1 bouêes bouees
bouêe 1 bouêe bouee
bourrê@ 1 bourrêe bourree
bouclê 1 bouclê boucle
bossê 1 bossê bosse
bornês 1 bornês bornes
bonnêt@ 1 bonnêtement bonnetement
bondê 1 bondê bonde
biê 1 biê bie
bioquê@ 1 bioquês bioques
biomêd@ 1 biomêdical biomedical
bienêt@ 1 bienêtre bienetre
beneme@ 1 benemerência benemerencia
beiêm 1 beiêm beiem
bavê 1 bavê bave
basêes 1 basêes basees
basanê@ 1 basanês basanes
barrê 1 barrê barre
baromê@ 1 baromêtre barometre
bardês 1 bardês bardes
bandê 1 bandê bande
baisêe 1 baisêe baisee
baignê@ 1 baignêe baignee
bactêr@ 1 bactêrie bacterie
aêrer 1 aêrer aerer
ayêe 1 ayêe ayee
axexê 1 axexê axexe
avêrês 1 avêrês averes
avêrê 1 avêrê avere
avêrez 1 avêrez averez
avênem@ 1 avênement avenement
avérêr@ 1 avérêrent avererent
avvête@ 1 avvêtev avvetev
avisêe 1 avisêe avisee
avalê 1 avalê avale
aurêol@ 1 aurêole aureole
aurêli@ 1 aurêlien aurelien
aurêle 1 aurêle aurele
athiêt@ 1 athiête athiete
ateliê 1 ateliê atelie
assê 1 assê asse
aspirê@ 1 aspirêe aspiree
ashkên@ 1 ashkênaze ashkenaze
arrêtn@ 1 arrêtns arretns
arrêre@ 1 arrêrer arrerer
arrêes 1 arrêes arrees
arrêer 1 arrêer arreer
arrosê 1 arrosê arrose
arrlvê 1 arrlvê arrlve
arquêe@ 1 arquêes arquees
armême@ 1 armêment armement
ariêe 1 ariêe ariee
ariê 1 ariê arie
ardê 1 ardê arde
archêo@ 1 archêoiogie archeoiogie
arbalê@ 1 arbalête arbalete
aprêm 1 aprêm aprem
appuyê 1 appuyê appuye
aouête@ 1 aouêter aoueter
anêmon@ 1 anêmones anemones
anêmie 1 anêmie anemie
antêri@ 1 antêrieur anterieur
antisê@ 1 antisêmite antisemite
anrêtê@ 1 anrêtêe anretee
annuiê@ 1 annuiêe annuiee
anitê 1 anitê anite
animês 1 animês animes
animêe 1 animêe animee
amêrlq@ 1 amêrlque amerlque
amêrlc@ 1 amêrlcalne amerlcalne
amêres 1 amêres ameres
amêrem@ 1 amêrement amerement
amênag@ 1 amênage amenage
ampêre@ 1 ampêres amperes
amnêsi@ 1 amnêsie amnesie
amenês 1 amenês amenes
amassê 1 amassê amasse
allouê@ 1 allouêe allouee
alliês 1 alliês allies
allitê@ 1 allitêration alliteration
alitê 1 alitê alite
aiyê 1 aiyê aiye
aitrav@ 1 aitraversê aitraverse
aisês 1 aisês aises
aisêes 1 aisêes aisees
aisê 1 aisê aise
ailêes 1 ailêes ailees
ailêe 1 ailêe ailee
aiiêre@ 1 aiiêrent aiierent
aiiiêe@ 1 aiiiêes aiiiees
aiignê@ 1 aiignês aiignes
aiguê 1 aiguê aigue
aidêes 1 aidêes aidees
agitês 1 agitês agites
agitê 1 agitê agite
aftrib@ 1 aftribuê aftribue
affûtê 1 affûtê affute
adêqua@ 1 adêquate adequate
adrêna@ 1 adrênaline adrenaline
adorêe 1 adorêe adoree
adhêsi@ 1 adhêsif adhesif
adhêrê 1 adhêrê adhere
acquêt@ 1 acquêts acquets
acnê 1 acnê acne
aciêri@ 1 aciêrie acierie
acadêm@ 1 acadêmie academie
abîmê 1 abîmê abime
abêcêd@ 1 abêcêdaire abecedaire
abusê 1 abusê abuse
abcês 1 abcês abces
abbê 1 abbê abbe
ÿçûêàõ 1 ÿçûêàõ ÿçueaõ
êteslà 2 êteslà etesla
àrrête@ 1 àrrêterai arreterai
dêjà 141 dêjà deja
